,A,B,C,D
2000-01-01,-0.4092170358262301,0.66303389258374,0.6561591545191028,0.9709755896140214
2000-01-02,-2.1855976256986,0.659009748513849,1.2523058293349445,1.4711148458370606
2000-01-03,-2.4299078194986206,-0.32626157652612675,-1.1475823279004396,3.2430340771403863
2000-01-04,-1.5962060858700382,0.35783420178032144,-1.2638440519605545,3.214059835953466
2000-01-05,-2.83767577819127,0.752405100690485,-1.420280749037183,2.9838151796493824
2000-01-06,-4.252508713986312,2.09778993503681,1.0673303176006002,4.34673780500847
2000-01-07,-4.0192802451234,1.8062224656420005,0.5719355417230196,3.407530227253347
2000-01-08,-5.620204253763934,2.9156656289105127,1.3246685474402178,2.8395617653570837
2000-01-09,-4.315997780965805,3.373813137860833,0.1009491209096689,3.0321493661241954
2000-01-10,-3.4619694648220203,3.2152525414301483,-0.9807266036186983,2.6534820497922773
2000-01-11,-4.580880741294296,5.110776520230033,-1.9209906176912446,4.466467965930632
2000-01-12,-5.132532439725265,5.739761626531067,-2.284792754665513,3.477115695161262
2000-01-13,-6.991489283704478,5.30606139569393,-2.8903159010881154,2.760933847019244
2000-01-14,-6.7507077010177685,4.960600521021193,-3.276181810366038,2.3922983525170447
2000-01-15,-7.175414437576127,5.393421722255702,-3.026140580141848,3.4608763891596186
2000-01-16,-6.445946235567411,6.075452061174499,-3.2878968772509642,4.312918405343378
2000-01-17,-6.835749641022888,4.1896689671435485,-4.255338693646353,3.502448489852825
2000-01-18,-5.243201643158228,4.982804855771318,-5.101456837007028,2.4279814473289942
2000-01-19,-4.817088920873595,6.242758439015795,-5.725113276903913,0.2551544957612575
2000-01-20,-5.244637074133747,5.8057881140421275,-4.252780702670415,-0.1346144912159976
2000-01-21,-2.50947942911108,6.622536549953865,-4.111823167161557,-0.9978758026935728
2000-01-22,-3.3973742435381853,6.061651532092545,-2.063511240463079,0.25007512746129246
2000-01-23,-4.234842726517859,6.191151205354375,-0.26154255105264945,-0.8912350124497743
2000-01-24,-4.186220285940505,6.366758290883163,0.27281393616918226,-1.4865960137463379
2000-01-25,-4.575031254870679,5.119403251352579,0.2670225205157935,-1.4488427883877855
2000-01-26,-4.628021306137213,4.098689545752714,1.0263064169302354,-1.5152009631034666
2000-01-27,-3.7385014869739495,5.289218923886644,1.2461993214684168,-2.3968692309518254
2000-01-28,-3.8730907852189067,5.693185110493868,2.4283470880638456,-0.7584845349580802
2000-01-29,-3.8525655221993422,6.119778179535285,2.3239650034536936,-1.9900364735644385
2000-01-30,-3.611142328800797,7.395754436416439,2.97370297042585,-2.2633222154082295
2000-01-31,-2.0868208355508067,7.189511491328554,4.723647016941823,-2.7408461912499464
2000-02-01,-3.708667926431283,6.9863352413455715,3.486483807174926,-2.032447695354246
2000-02-02,-2.9023515359460412,6.505220705380157,3.077149824714099,-3.413592390102755
2000-02-03,-3.6837754694568794,6.37887449664555,2.592953553098139,-3.828833059923993
2000-02-04,-3.6008939385360543,6.461186360748593,2.3219096411039124,-5.799534686591691
2000-02-05,-2.7844916627097334,7.222863308688611,0.30540472035744637,-5.659474864771054
2000-02-06,-2.4800158080542145,7.968645163496928,-0.3502221022978099,-5.073308471612059
2000-02-07,-2.8282426625108403,5.800675852744097,-1.3250928000581457,-4.985923442566922
2000-02-08,-2.6446238774614774,5.889877165178856,-1.0364958897925476,-3.44390645615282
2000-02-09,-2.7524183300841183,6.697745815227536,-1.3102151335528955,-3.8362791387643718
2000-02-10,-2.213151516541119,5.623550748262881,-1.424498345495797,-5.329920050930382
2000-02-11,-2.2546092959870445,5.470420598055243,-2.6241071723453286,-6.229440937233707
2000-02-12,-2.3461022062943657,5.792815966979321,-4.356464607046626,-7.24599164518675
2000-02-13,-2.754633479754761,4.278484805006909,-5.159953880089876,-7.52539242871836
2000-02-14,-4.7850897610797425,4.581992689677022,-4.709118973005013,-7.898123779574307
2000-02-15,-5.093774408523853,3.2304648457545957,-5.513523353593451,-5.319263055205109
2000-02-16,-3.213425159166409,2.273001322722605,-6.2819738867384425,-5.371435912928798
2000-02-17,-4.011695453571417,3.01247920805249,-7.862335579036741,-4.9074598907119915
2000-02-18,-4.883443439632518,4.097492380898225,-9.350690900938975,-5.357469823878757
2000-02-19,-4.4368923210284885,3.7654735905273764,-9.829011023034303,-5.7664489282229425
2000-02-20,-2.072862202753465,2.9553452680932244,-9.307522863548165,-4.8302773249317195
2000-02-21,-2.2041397238620695,2.510919991759619,-9.523860051381769,-6.175201207385619
2000-02-22,-2.1638294588991065,2.1219422097638647,-8.99507230168665,-7.712643656070813
2000-02-23,-3.8923098759187322,2.177224386713838,-8.912260219313357,-7.764734308002329
2000-02-24,-4.880611191171823,1.561770034973064,-8.209912774404911,-6.9726500320602085
2000-02-25,-5.1647318659064325,1.448369626289621,-8.589018956612955,-7.691824924011803
2000-02-26,-4.516579729921867,3.653319683994916,-8.64452234952689,-8.256523967190908
2000-02-27,-6.061030653918193,2.973308520403986,-9.595802708871464,-7.781358940934882
2000-02-28,-7.169445658648666,2.7496582541659484,-11.390137003355573,-8.798938895456432
2000-02-29,-7.744970419471287,2.142114934630083,-11.397061324753897,-9.53150010685036
2000-03-01,-6.356692771474551,1.5190377313687708,-12.845875616025369,-9.70702265930808
2000-03-02,-6.123602443768894,0.7901169859059113,-13.555069010205374,-9.390918709781129
2000-03-03,-5.782789624290509,-0.9175197135240528,-11.099205610714332,-10.501334936966538
2000-03-04,-4.923898748617673,0.6109459333748984,-10.514546386348293,-10.15745593246613
2000-03-05,-3.291715187534643,1.8112713985732527,-13.031723276476354,-10.691751641970555
2000-03-06,-3.4436597339437554,1.3880249933585187,-11.701630397649794,-10.141539742701186
2000-03-07,-2.674974603473869,2.81041382223911,-12.467355566832484,-8.20187476784549
2000-03-08,-2.226285746379469,1.0816155075607659,-13.403381049939755,-7.599189614344926
2000-03-09,-2.9011833111818404,0.9047640036033727,-13.045264842958321,-8.496709276878361
2000-03-10,-3.950115803533634,0.010702603336835925,-13.836390741911945,-7.165751262877121
2000-03-11,-3.6301776953905946,-0.5705035182091615,-12.743499490552363,-8.482796913976902
2000-03-12,-3.1631539936394617,-0.5477352681039821,-11.473020762000052,-7.580800029288785
2000-03-13,-1.2946573001893287,-0.6331590683262069,-12.49840715568853,-5.982571432737601
2000-03-14,-0.9574918756016971,-0.45886582035135226,-11.144236676690149,-3.648321429555007
2000-03-15,0.6023332466131083,1.476263775124742,-11.688134963934043,-5.259709770829946
2000-03-16,0.41129239344590063,1.108271095932432,-9.702644811481951,-6.170985490733221
2000-03-17,1.7050964260191233,1.9065965498477935,-8.933369790983766,-6.2807670136582585
2000-03-18,0.9995627725362587,1.5741309670590566,-10.314295541346745,-5.961146820854206
2000-03-19,1.0086137691353345,3.3450924577895482,-8.488639643989327,-6.912141267428208
2000-03-20,0.5842072289320817,2.9980465253052735,-7.986394962929808,-6.807466771549401
2000-03-21,-0.9294250070140773,2.560459234992618,-6.040427341687447,-5.201730638158516
2000-03-22,-1.1667489577174432,2.6446940621808035,-5.814195300675463,-4.117354391477328
2000-03-23,-1.5005353398908865,2.485889239503236,-8.022835972307723,-4.9658528107349955
2000-03-24,-0.28434026625119957,2.2419460963842726,-8.73150222586881,-6.471320878108134
2000-03-25,0.3867094778534662,1.66382135693353,-8.053801324353477,-8.413599010325175
2000-03-26,1.2441935331150695,1.3958964946957342,-8.309883678955401,-7.84645390766482
2000-03-27,0.6879519253214451,3.1518222615529163,-8.971956209455218,-8.119765920137999
2000-03-28,2.098226189656788,2.431209489179315,-8.205495696881131,-8.121654208389298
2000-03-29,1.5459921861424095,3.0894495029926627,-9.402425134814802,-5.360121829686397
2000-03-30,0.6036389755975287,2.387621120824173,-9.986041265217233,-3.697094190215405
2000-03-31,0.2256535293069909,3.4471816057733484,-9.927154266556355,-2.7253587407278013
2000-04-01,-1.3639867089208897,2.029654242446275,-11.091150996587563,-4.699469029422766
2000-04-02,-2.3092703366912204,1.5696458544027594,-12.336524708798319,-5.37721234331861
2000-04-03,-2.830240675413874,1.7657325413924743,-11.631609142609125,-4.608632773291292
2000-04-04,-1.727078857615757,1.3504553864555777,-10.43160265562392,-6.097130129211078
2000-04-05,-0.8840481433596825,2.511613715729288,-9.896060284595881,-7.023800146706806
2000-04-06,-1.10726420787977,1.5899053775172138,-10.138728303010318,-8.723826528406851
2000-04-07,-1.8571258113154472,2.3165035678927013,-9.886463188164509,-9.169110451190017
2000-04-08,-3.2699077378746435,2.470370853619526,-11.760451469467027,-9.287289582883819
2000-04-09,-1.6138573193776102,1.8755959315663868,-10.58396164315678,-9.273718742537584
2000-04-10,-1.8134878055178776,1.0810056747875103,-10.419946691471283,-10.241145940396033
2000-04-11,-1.7012619246471994,1.6875084241984837,-9.93999428239494,-9.998497641738991
2000-04-12,0.6284146456268616,0.13846297806527152,-8.826632848550535,-7.700620913308251
2000-04-13,-0.3355669645665036,1.7444668136952073,-7.404114693252276,-7.669237548324309
2000-04-14,-2.427653062280566,1.70601159328069,-8.277839819165902,-8.96319071785979
2000-04-15,-2.7249481378620444,0.7892033883276102,-8.624124620944816,-10.422919328543546
2000-04-16,-4.808551384419042,-0.034350283335604526,-8.385248734446936,-10.086339523313942
2000-04-17,-4.155522657795418,-0.21668044216033353,-8.710357286988879,-10.251655836328688
2000-04-18,-5.582830762190394,1.654066968162669,-7.660679513946638,-10.765811247768896
2000-04-19,-5.8024275352245445,2.661934445934297,-8.83585555850389,-11.741320782933201
2000-04-20,-5.357543404281942,1.0151844242852133,-9.102556434966042,-12.841772310265004
2000-04-21,-5.870461316653363,1.3820294432881024,-9.121302338333884,-13.395253090945024
2000-04-22,-6.771229321168038,1.9343319909304086,-10.411079246258414,-14.64556136516448
2000-04-23,-6.58839361160954,2.831673320037846,-10.16384617832213,-16.74323907681452
2000-04-24,-6.242212119872198,1.2594383242012166,-9.821013336542984,-16.62642006297639
2000-04-25,-5.7321241443356215,1.163909708723981,-10.571917401736792,-15.971076860407942
2000-04-26,-3.6282237495720415,0.7686770897568619,-12.19095948745752,-16.256882625441918
2000-04-27,-3.8760052017230566,0.2362269496863778,-11.915659550864833,-14.563782214767595
2000-04-28,-4.882797841464295,-0.12396696266602675,-11.460063383121913,-15.232949449433226
2000-04-29,-3.658653311304503,1.0559074824798915,-12.85012373271731,-17.13470049511187
2000-04-30,-2.674819255858235,1.8646655714074272,-11.940167140296767,-14.91035621801473
2000-05-01,-2.5607228406274922,1.0529251770014427,-10.720982120673966,-13.858833493246742
2000-05-02,-2.9078013549693504,2.236651217719741,-12.203038843816643,-13.98787373946384
2000-05-03,-3.177223329228774,2.063404852979143,-13.030277790986302,-13.755427885985979
2000-05-04,-3.5360782142369036,4.349968491973131,-14.368387478850396,-12.718664544595171
2000-05-05,-3.8711676283588172,3.847628742088964,-13.958122126326497,-11.354514803560026
2000-05-06,-5.451492188703558,3.1477469078015914,-13.13092264581111,-12.29675347476528
2000-05-07,-4.3284123127132315,2.611925816837477,-14.685379168407572,-12.732884230979106
2000-05-08,-4.147567992290681,1.731923985838193,-13.8327455419838,-12.937895077323093
2000-05-09,-4.297546718902146,1.5705746080284393,-14.274890549295218,-12.194185627206027
2000-05-10,-4.264632958124508,1.9228223119403125,-13.129251562919265,-12.862698469138046
2000-05-11,-3.4806821598588273,0.9971163393231107,-11.53233430476348,-12.799892267617782
2000-05-12,-2.263080564699293,1.3060689413488447,-12.432321244237277,-15.633761767177399
2000-05-13,0.23458627961145684,2.456050727495568,-11.418427914187411,-16.344987648406253
2000-05-14,-0.28116574217352763,1.8417414692874972,-11.949610732646757,-18.01207466094251
2000-05-15,-0.23164409613865278,1.1509523290324197,-13.10369244007529,-19.170146015355545
2000-05-16,1.424855461030464,1.6069771648240858,-13.47660435534848,-18.241213873621813
2000-05-17,-0.5654231689373874,3.3303862673547147,-14.394894967322786,-19.167259852547666
2000-05-18,-0.15147922866036895,3.4619896368821568,-13.949543860704924,-20.661586484635908
2000-05-19,-0.8223870299471503,6.672476594960728,-13.892994691060903,-22.91403874904067
2000-05-20,-1.4948431995566098,6.002839676606503,-13.09533018563402,-23.631092028071233
2000-05-21,-0.7847521694929849,7.066444345193975,-13.999894452415411,-23.900768604912262
2000-05-22,-1.7850091032573399,7.031060744297543,-14.31371727932772,-24.054179775745173
2000-05-23,-2.9825442516308405,8.011482329867933,-15.233194449838676,-23.982294802985816
2000-05-24,-2.959094354689603,7.579972595146984,-16.46038847525603,-23.937023812797595
2000-05-25,-5.30859412599739,6.226861585934747,-16.178099922608897,-23.113322079838923
2000-05-26,-5.452962362238869,6.015944506532377,-15.95579529804058,-22.944231162512878
2000-05-27,-3.4150640581385363,4.662953820047309,-15.488120066563585,-23.330195415045416
2000-05-28,-3.50817405012622,4.783866030110266,-13.865895702494832,-23.307650042181244
2000-05-29,-3.4721143192106876,3.0963510059119237,-13.737389201680239,-22.396882836917168
2000-05-30,-1.4850413107242375,3.538482207392717,-12.90616956686322,-22.386620546206725
2000-05-31,-2.2113889869502796,1.8288817607998658,-13.96964368303498,-22.245847741458753
2000-06-01,-2.7943484048731637,0.5714848122770513,-12.322374546922783,-20.796165750027516
2000-06-02,-2.3507770431806585,1.6991989070234348,-13.124932837250709,-22.53806918051965
2000-06-03,-2.816686645024573,0.5647459475410905,-13.014283149807815,-23.698044868361105
2000-06-04,-3.3970688023667313,-0.0752271223944847,-13.031889967896628,-24.241585460372047
2000-06-05,-4.518857722091373,-1.6213604714133631,-14.083528261795127,-23.337266942314155
2000-06-06,-3.796968087965653,-2.821324094295414,-14.163545852012435,-24.002201384661316
2000-06-07,-4.459756578504739,-3.371232119033435,-11.936219230988064,-24.119014818137433
2000-06-08,-3.750306974568674,-1.559166238448463,-11.495446281364107,-23.68346999483607
2000-06-09,-4.265116673743222,-2.086978898697564,-12.775211200576981,-24.859240310441503
2000-06-10,-3.9497670077186724,-0.6364929886092066,-11.961838737414906,-25.534996007648253
2000-06-11,-3.220465382239161,-1.8892208411666178,-13.350783120148872,-26.365612895409527
2000-06-12,-3.637720447947888,-2.049302046386502,-12.480766209435194,-27.120321171740905
2000-06-13,-4.968402811594598,-2.307769984077721,-13.721366776617321,-27.56719488509119
2000-06-14,-5.402684258525765,-2.935390482120801,-14.148668790301747,-27.588979122114726
2000-06-15,-3.9080571950207847,-2.718247182059002,-16.213952897847804,-26.02930941786777
2000-06-16,-3.85069628873623,-5.270176097377017,-16.196336990671817,-24.924557476866408
2000-06-17,-3.0554542739058457,-6.228296593671672,-14.604374265931817,-25.082531543351514
2000-06-18,-0.6371880903256177,-6.7876702119243015,-15.716524110714138,-25.93097990434929
2000-06-19,-1.0460945814093856,-6.701528928709193,-15.864344264723938,-26.31168691737366
2000-06-20,-1.5455016413370306,-8.64176665036239,-15.683690315821071,-27.103607546569542
2000-06-21,-0.7921961151356973,-8.789604747607799,-15.600495086595787,-27.090947581161693
2000-06-22,-0.19573007936903786,-8.669997462337504,-14.830134464332664,-27.126660419661956
2000-06-23,0.7008588121099875,-10.310173016618014,-15.793309915546144,-26.420138408141728
2000-06-24,0.5090585294818751,-10.935291254042268,-15.161051387675453,-25.559700954646647
2000-06-25,0.982124452269928,-12.158266245646699,-13.789151851312322,-25.022571620230345
2000-06-26,2.376520520071148,-12.550178851044446,-11.837923608434208,-24.412945830076257
2000-06-27,3.0682953982158563,-13.212378770769066,-11.059917332504194,-24.126910225689766
2000-06-28,2.382170286320529,-11.998173144105293,-9.366291508365471,-24.69811354459821
2000-06-29,4.438664675629884,-11.952016665856503,-9.233929698644992,-24.779884432006245
2000-06-30,6.126657815376536,-12.584405981172745,-11.31641592950959,-25.224574684327784
2000-07-01,6.425968116101895,-13.909421328085994,-11.012498912826596,-25.48701872871297
2000-07-02,6.1207741135176335,-13.494806635819637,-10.157572842441176,-25.533331478737292
2000-07-03,6.892911645803833,-13.861967382649542,-11.269252054582054,-26.670057207161125
2000-07-04,7.400867451106148,-14.20942271100655,-9.291967169729288,-26.545754485925727
2000-07-05,6.898443610879099,-13.74923975680341,-9.775772359449173,-27.238725151742095
2000-07-06,5.7201935996824,-13.696931095304489,-10.286161531726387,-26.940870744637287
2000-07-07,6.796087546369251,-12.902326721186277,-10.003949355496456,-26.207893338791898
2000-07-08,7.429347512182316,-13.324300918192646,-8.065748636310005,-25.936199050451645
2000-07-09,7.111563035562556,-11.843662969571756,-9.227909313815756,-25.44003312966373
2000-07-10,8.028136446517177,-12.599903559846556,-8.232712792617471,-25.958086309897055
2000-07-11,9.97368133197109,-12.407984121731715,-7.520686151616632,-26.547297057505777
2000-07-12,9.088944864135186,-14.069148663923881,-6.671454674593432,-27.663938601670704
2000-07-13,9.158235758946937,-16.294927430993482,-7.407632921241765,-28.374741045772755
2000-07-14,10.404970058746695,-17.91850859551583,-8.658682471128857,-29.44719016985853
2000-07-15,9.400268524218134,-16.4654355929546,-8.027589902349344,-30.661401902051864
2000-07-16,9.493683014784748,-17.421993367632833,-9.112732324476216,-29.681898312806247
2000-07-17,8.305714408235787,-19.013249723561827,-9.418352418056783,-30.433186399956387
2000-07-18,10.266126702427087,-21.300441410153404,-8.841577955520327,-33.15340177216726
2000-07-19,10.945957296256097,-23.004627327363732,-10.7300361880124,-32.41341503423077
2000-07-20,8.07930308371089,-24.082949335715533,-12.681328872465865,-31.712687607582073
2000-07-21,7.595050313915737,-25.539659231354143,-12.351448492968185,-30.807087865258595
2000-07-22,6.855843063435669,-26.036559550167514,-13.319009989542492,-29.584454137291
2000-07-23,5.962500995988301,-25.630395410826523,-14.603721971958008,-28.3221068989001
2000-07-24,5.9367762269341595,-25.952759342791445,-14.702710455293886,-27.96373252226169
2000-07-25,4.817427984759346,-25.02010228125967,-13.921218848599006,-28.590809509598746
2000-07-26,3.931370312881228,-25.581734953539566,-14.085069256959654,-28.172779981337992
2000-07-27,4.502593990128859,-24.719473417393672,-13.572301512498909,-26.816952815856084
2000-07-28,5.072994327383906,-24.677345598727495,-14.450519779488564,-27.79413527222062
2000-07-29,6.250224686747021,-23.674772138560538,-14.57255410572125,-27.030819932140822
2000-07-30,5.03307350866243,-23.258559823927257,-14.629127268886428,-27.110156739128467
2000-07-31,3.8055934468093096,-24.48551723234459,-13.549654499692313,-26.575383654163716
2000-08-01,3.609517223372895,-23.329444800371274,-14.091022000408197,-26.227277453420815
2000-08-02,4.196568999037932,-22.276613929389466,-14.009588252544614,-27.604786489976657
2000-08-03,3.432915107682628,-21.645016770563828,-13.192550400636602,-26.184077114492652
2000-08-04,3.3677943545657,-21.29572629966959,-13.702728163066945,-27.895104186884353
2000-08-05,3.655395089786041,-19.694063494610383,-15.017933663307506,-27.1831246683272
2000-08-06,3.49950757957454,-19.55977314462475,-15.0416431636179,-28.405402628965536
2000-08-07,4.910467127115849,-17.78110134498847,-16.147370194088346,-28.19749168565434
2000-08-08,6.055383222871518,-18.951958222579037,-16.308310000778896,-27.41121775884853
2000-08-09,6.132327425612542,-20.36813812530472,-13.862059622124562,-27.64757763363124
2000-08-10,4.0969611592066615,-21.808345593792126,-14.96257128121645,-27.461230741832757
2000-08-11,3.3681088909231227,-20.877597246298734,-13.936131135103142,-27.742987501491122
2000-08-12,2.3905293814335797,-19.623426388798034,-14.891908061977974,-26.889298725134395
2000-08-13,2.2944494072862947,-19.504296209513672,-14.020661963167516,-26.19217447363101
2000-08-14,3.728312345467879,-20.29074936211253,-12.129897320929338,-25.84993081855345
2000-08-15,2.922493315324096,-20.29712753194068,-11.213922581848381,-25.01459118196691
2000-08-16,3.531351766470377,-19.909415754478093,-13.081317013120662,-26.514784507238897
2000-08-17,3.6202642252037096,-19.31582822212568,-12.881547724934077,-24.038325025965513
2000-08-18,2.8799074229193424,-20.462981423381702,-13.355248794257255,-22.93116451776308
2000-08-19,3.1194065610904396,-20.413023555789472,-14.024802159743086,-22.476187473340726
2000-08-20,2.938744667886937,-21.828020820493105,-14.850099188363918,-23.393328098711557
2000-08-21,3.2800069759597585,-21.771678959133318,-15.351579088008329,-24.462289643820107
2000-08-22,1.624824717708394,-21.222892667544972,-15.083985086515423,-24.278126670323886
2000-08-23,0.5373636816371012,-22.425262395058787,-17.651535008373443,-23.889085390004944
2000-08-24,-0.9813143765159607,-23.426266494798828,-15.99770819035801,-21.919583777937053
2000-08-25,0.0525081305239552,-23.555361946493168,-15.370146596104728,-21.30337306206706
2000-08-26,0.2282287536380001,-22.929333331370223,-15.38273534998871,-18.83113033149754
2000-08-27,-0.9896822331073745,-22.625783371430217,-15.963635607006319,-20.52139606403775
2000-08-28,-1.5472101398863114,-20.946163944881803,-14.477377200541303,-19.58267694001104
2000-08-29,-0.6411226894160001,-22.88706935560274,-14.6985917874729,-20.50463071642898
2000-08-30,0.5763891298220661,-23.494552794733085,-13.733190756271991,-18.10263160385601
2000-08-31,0.7052462878451421,-24.833996629019914,-13.565493652988762,-19.22630871937843
2000-09-01,-0.5566131971920215,-24.6050048485825,-14.196331917574188,-19.011134415862394
2000-09-02,-0.7129504986426896,-25.420791859222298,-12.77154093659376,-20.61394060668289
2000-09-03,-1.1925230927694717,-26.221913282248224,-13.304338810880823,-21.08440864649919
2000-09-04,-0.36829854138698703,-26.40807728508211,-15.27253368163334,-22.366023350780758
2000-09-05,-1.0576338785020685,-25.780307652046073,-16.828533429519887,-22.954048548933855
2000-09-06,-2.329596192142007,-26.514850949042792,-18.780286360414266,-22.475644941935577
2000-09-07,-2.9962995091068403,-27.01516531210551,-20.614381047279394,-22.712204069483104
2000-09-08,-3.276623379237555,-27.000636537675074,-21.04492416503857,-22.843360504380254
2000-09-09,-3.997847340511639,-26.96064957897935,-19.716397035263757,-23.753407308986144
2000-09-10,-4.78851020498731,-26.560409905423324,-20.23858855381447,-24.58044286198674
2000-09-11,-5.813332208695253,-26.35109174077237,-21.96243732201551,-23.75217565844206
2000-09-12,-3.755142104333424,-28.09775067905435,-22.081723119870194,-22.961724860128086
2000-09-13,-5.560383391055666,-29.31755166783652,-21.955707821382525,-21.676041563910335
2000-09-14,-6.259604637540267,-29.555401431437524,-21.169108703420402,-22.472269187509102
2000-09-15,-6.2753772505574315,-30.63874721473438,-22.791510216359338,-22.22270918174442
2000-09-16,-5.982749096812958,-30.66687118008764,-22.79659643548378,-22.288557189456945
2000-09-17,-4.992861844005393,-31.212867024405227,-20.964114008668005,-22.21746471496907
2000-09-18,-3.9676102060457725,-31.85219150712756,-20.7521801658674,-22.537878004697347
2000-09-19,-3.2633235842556756,-31.7107758348575,-20.36099380430596,-21.999698886217374
2000-09-20,-1.9546090093523163,-32.268109719143744,-19.530244320378646,-21.78176986833406
2000-09-21,-1.4323968660942414,-33.58485887700197,-19.89187545840718,-21.42799435519069
2000-09-22,-0.18563852089031374,-32.466498701708105,-20.023975814044704,-20.553605283681748
2000-09-23,-0.9299398177854399,-33.180495264415946,-20.14175518753404,-19.512347514182338
2000-09-24,0.1691061337929598,-34.407376645294136,-20.18062121932329,-19.256167133544192
2000-09-25,0.9349879665834401,-35.07565509908531,-18.839271008038622,-18.672591408400375
2000-09-26,2.1842161341556943,-36.41831955432517,-16.66991529645922,-19.00250925064212
2000-09-27,1.7335934828285076,-36.59249099571259,-16.77669250960082,-21.33239105681628
2000-09-28,1.8535697199856223,-36.08715550503643,-16.08865760260359,-22.463838416842002
2000-09-29,2.257835923442194,-36.9878146285798,-15.990885047732194,-21.737795081540455
2000-09-30,0.9786373400376522,-37.01540753168331,-15.644897759746815,-23.52759070528043
2000-10-01,2.891220318669924,-37.49955878946678,-15.729000645018532,-23.226709503610664
2000-10-02,3.333973952407414,-38.42999414586917,-15.471012070865838,-22.073671153063934
2000-10-03,5.5624322669421,-38.9438941964656,-15.467845176809679,-22.775387402097117
2000-10-04,5.362649455663763,-38.598728005598474,-14.284174053331215,-23.263962597016832
2000-10-05,5.23816816850045,-38.03109581324895,-14.175985950538648,-22.877752521735363
2000-10-06,6.091228055457599,-38.54928409449124,-12.830490213180713,-20.34665423782606
2000-10-07,6.141395606606208,-38.801632845096634,-12.482669358087726,-21.76499707930881
2000-10-08,5.904666260323567,-38.63203885267957,-14.861578279979119,-20.780886965148266
2000-10-09,7.334178722297308,-39.77313034661078,-15.69259796398236,-22.215684781650346
2000-10-10,5.293778691818011,-40.959052251677385,-15.532703709931067,-21.949878358502232
2000-10-11,3.0511501466031428,-41.78867057924535,-15.967274162921715,-20.107281064630403
2000-10-12,2.2359535965287796,-42.06827986401916,-18.4505072943809,-21.570660346362594
2000-10-13,3.2473753718471485,-41.138698853903975,-18.684965293492148,-20.801226456143183
2000-10-14,4.072194047977357,-41.50371826993968,-18.590642282960435,-20.492060069000527
2000-10-15,3.516652097056416,-42.11741907178363,-17.437272699871293,-20.07591999829517
2000-10-16,2.982924126454198,-41.60136955564536,-15.898487523206423,-18.815093420808278
2000-10-17,2.708217069573065,-43.23009478452039,-15.060019385477975,-18.099414309620627
2000-10-18,2.3010097888618004,-40.95296123339915,-14.150577851134951,-15.98626178483006
2000-10-19,2.114938055878194,-39.85845327515308,-14.608873502258968,-16.39854588294384
2000-10-20,1.7199735422338158,-41.57959648729781,-15.508254859966392,-16.580726214310726
2000-10-21,1.842418858798297,-40.0197662296434,-17.659239343740293,-15.48387555773364
2000-10-22,1.126354076030983,-40.318060301084955,-18.533649113671924,-15.061418319139685
2000-10-23,2.1891812282042995,-40.54877958673157,-17.33651365995399,-15.545297498215643
2000-10-24,0.7042436056124068,-40.08742439985998,-16.908054692469538,-15.49101948276796
2000-10-25,2.0879687735966357,-39.59148523911576,-17.67879868344388,-16.75245512407085
2000-10-26,3.400649857526882,-39.42512373306641,-17.939807635522467,-17.5228774657045
2000-10-27,2.3170826508156566,-39.42072650367855,-18.50446226368722,-18.07938077020109
2000-10-28,1.1677963085280796,-38.55309477351678,-20.970906929723697,-20.351565839108567
2000-10-29,1.2465475464295583,-37.66823387280124,-21.83555508002703,-19.94875161974208
2000-10-30,1.483542470563103,-37.89498289418091,-23.316173766278112,-20.11753796890528
2000-10-31,0.47655482416740846,-38.72091592033695,-24.024347742660574,-22.427021694647966
2000-11-01,-0.5534570216345049,-37.540560657601446,-23.63294986022164,-23.20994719602136
2000-11-02,-1.2271419474216876,-36.57532204150215,-24.334327620505437,-22.08873062918377
2000-11-03,-1.4404368571882469,-36.012626148935986,-22.657608715692607,-21.688802501577655
2000-11-04,-2.2871466609568016,-36.00571632087743,-22.20692906489427,-21.09425804476973
2000-11-05,-2.244918809063991,-36.16406259504972,-20.78121805779713,-20.052191894803244
2000-11-06,-2.998207245581625,-36.435151034623246,-21.671264240493624,-20.541759802758644
2000-11-07,-2.100098360059917,-37.114659291745554,-21.468725174693002,-20.11262572335049
2000-11-08,-3.1555952907763807,-37.69991229486646,-21.28721475523983,-18.704676939018842
2000-11-09,-4.4403314572014665,-36.551430526524506,-20.4097169608513,-17.888859407340412
2000-11-10,-4.903611992424847,-37.98546086924006,-19.226414855179065,-17.246484736920085
2000-11-11,-3.8752592421655887,-39.65779097717622,-19.390142748427277,-17.509789201889255
2000-11-12,-3.3516573594305745,-39.598443868551854,-19.326515431521955,-17.365069365468756
2000-11-13,-2.047419474133842,-39.4260280550524,-19.2176983276962,-15.059617985370313
2000-11-14,-1.2668270946632272,-37.18631739680996,-18.517932572969062,-15.747741547042557
2000-11-15,-1.4530215917678837,-38.96281365003691,-17.532030291156655,-15.209576106615811
2000-11-16,-1.7484071631423017,-39.92672876394194,-17.379011044599494,-16.244186149122587
2000-11-17,-3.0026888396105766,-40.743540975523885,-17.025509394491145,-16.764281082422002
2000-11-18,-2.1368016395144775,-41.52377608993601,-19.001927192837922,-18.40095953028324
2000-11-19,-2.316411568360017,-43.32171813013287,-21.110543022330205,-16.60320533056177
2000-11-20,-3.869831715299282,-42.473964550694426,-19.095344401424903,-17.97041800026003
2000-11-21,-4.361291702265912,-42.53355598004712,-19.288771819919283,-18.36911143595302
2000-11-22,-4.755394146952658,-43.42359861392418,-19.712148204452298,-16.273393576109815
2000-11-23,-4.843176031671244,-40.55669812757374,-19.27308640697084,-16.837642721609917
2000-11-24,-4.041651994368073,-41.49770976575992,-18.871895968478913,-16.751781038672256
2000-11-25,-3.9811119042807843,-41.57742061942923,-19.450610196961158,-15.87565687267283
2000-11-26,-4.622780462122961,-41.323589164219335,-18.94527379857971,-14.417689534091178
2000-11-27,-3.000019878888751,-40.78882422427673,-18.99188331357659,-15.848306261363803
2000-11-28,-2.6696234868458526,-43.3571561718599,-17.69792254605926,-15.946183317473377
2000-11-29,-3.724564943194151,-44.01108687465079,-18.122178339756008,-15.595398994118543
2000-11-30,-3.60594532793015,-44.001538132206925,-17.671071858421776,-14.442130329091189
2000-12-01,-4.198193184705647,-43.94994269099556,-18.609369950207512,-14.406497926988655
2000-12-02,-6.249358496385247,-42.92206507251417,-17.28161556283578,-14.833067034993011
2000-12-03,-6.791408735893949,-42.46310534426854,-17.572590232830738,-16.775264793695055
2000-12-04,-7.289642362578086,-41.98017843524511,-18.71848697872619,-17.654681415892803
2000-12-05,-6.982009895247638,-40.35008871467742,-17.9043196911312,-17.619621963112042
2000-12-06,-8.027389821024718,-41.42331324719169,-16.52203179692394,-18.03549063569466
2000-12-07,-8.044846401148492,-41.835227038406735,-16.64520042038008,-18.105628037179862
2000-12-08,-8.291036114781605,-42.83434943774238,-16.93872697233911,-18.75808625136316
2000-12-09,-9.473913489916859,-42.26787220132197,-17.756554858725334,-19.184065079043215
2000-12-10,-9.718710811500191,-41.50479409162859,-18.818647605454665,-18.68930294984596
2000-12-11,-10.614285910879243,-42.02567585125728,-19.045221173760787,-18.98049055784235
2000-12-12,-11.076644012906042,-42.41977968731037,-21.626367761107527,-20.16543329000416
2000-12-13,-11.558104718912142,-42.847162562632015,-22.148896599148326,-21.91017553587179
2000-12-14,-11.530396353786431,-41.53229498221715,-22.594598606635582,-22.881047482335113
2000-12-15,-11.212907236329757,-43.204768294139114,-23.03762082797801,-23.62231045215121
2000-12-16,-11.25954591607536,-41.95872528168553,-20.740631968375666,-23.912459418842374
2000-12-17,-12.108934336988677,-41.3103905889922,-21.940293373789636,-24.917995767774386
2000-12-18,-13.449808472053276,-42.13078725652821,-22.06543416667312,-25.613420814644513
2000-12-19,-12.537025290667888,-42.309571764837,-21.298355522230967,-23.776842211136806
2000-12-20,-12.21485009866362,-43.362998533575755,-20.81674515617086,-23.50986528975833
2000-12-21,-12.22027582350144,-43.57257180302484,-21.51680833003373,-22.35413650508986
2000-12-22,-11.931615182045023,-44.00808071160811,-22.2373762259603,-23.08312337164407
2000-12-23,-11.211251456579552,-45.90447859894579,-22.629400486710882,-25.62111294367022
2000-12-24,-10.756546808045282,-46.28158884325174,-22.41605656378834,-26.19498118375704
2000-12-25,-10.94501725380634,-47.305590721997255,-21.77162501884537,-26.14716863717702
2000-12-26,-11.469746644454856,-46.238318208948606,-21.87697509771726,-25.42145441660428
2000-12-27,-11.057994417913136,-46.5547097045863,-21.34537838174312,-25.776135703048553
2000-12-28,-11.137897342755801,-47.233805615749425,-21.394337270761152,-26.223936111346575
2000-12-29,-11.553814269432568,-47.90937981675961,-22.307136206738626,-27.43488280145777
2000-12-30,-11.679404235440465,-46.76050369343919,-22.685399885893496,-25.92215710030018
2000-12-31,-11.661520250550357,-44.930761801791014,-24.07259843593991,-27.437762748285355
2001-01-01,-10.306484992342623,-43.67164915498773,-24.014273595408852,-27.32673006801587
2001-01-02,-11.970977064695418,-43.991775165596565,-24.536121214235585,-26.773609960117668
2001-01-03,-12.9163117510339,-45.53197795113678,-25.07262428321426,-27.11719671572332
2001-01-04,-14.516973691239025,-45.22571498944823,-25.210936347110785,-28.15198635884306
2001-01-05,-14.213097708773724,-45.83009230157509,-26.850853332834046,-27.793123251395052
2001-01-06,-13.314168887382412,-47.124058621306034,-25.545256214238563,-25.575296422932446
2001-01-07,-14.695722698873025,-47.36819629242865,-25.056352248706155,-25.072327285814747
2001-01-08,-16.690258018585595,-46.54922547590126,-25.031497871512844,-27.25558375713994
2001-01-09,-17.46578947958563,-45.448180661030854,-24.307684081065915,-27.0462383048108
2001-01-10,-17.713201509079937,-46.55612721695276,-24.006936560070113,-25.496060049267516
2001-01-11,-18.924415430827125,-48.87999166216746,-25.954006586004557,-24.89925599323115
2001-01-12,-18.866005928496534,-49.37968332105931,-26.66966351574665,-24.568507328070226
2001-01-13,-19.107925999625163,-51.05570183174246,-26.222761844294357,-24.55636655767664
2001-01-14,-20.731144358337453,-51.93134613342286,-27.562715795265436,-23.730374753326185
2001-01-15,-20.385396908013533,-52.27630317626028,-26.163449271488258,-23.184861750372374
2001-01-16,-20.086942394223307,-51.830881993779556,-26.811907083977374,-22.81336747876012
2001-01-17,-21.567010358513482,-52.42183512433173,-27.106691793490512,-22.96275619567509
2001-01-18,-20.55475749011971,-52.505401869605066,-26.469940338276782,-22.99386110865754
2001-01-19,-19.139494936297808,-53.66129298084733,-26.526936234894873,-22.383105779510966
2001-01-20,-20.47228257280451,-54.987834161014646,-28.010245959151195,-21.62852905229688
2001-01-21,-21.080285923838034,-55.36227951077034,-29.046887920782357,-22.060443522010267
2001-01-22,-22.577021424243107,-54.812144107276595,-28.574933700620264,-20.114404524018596
2001-01-23,-21.511885913175995,-55.014320035427865,-28.281719178364817,-21.511672526910736
2001-01-24,-22.533303371224576,-53.94252743646858,-28.62070205483944,-21.842772628447037
2001-01-25,-21.34527905116363,-55.43763628882897,-29.015517713800723,-21.802569759398057
2001-01-26,-21.488241430234073,-54.39332806635002,-29.98880046966905,-21.263564573896318
2001-01-27,-22.33655764195966,-56.324738948107985,-27.069045793737903,-19.38702053135081
2001-01-28,-22.009336728601326,-55.691801419985154,-26.051159011959697,-20.291201807244644
2001-01-29,-22.138075656040847,-55.083711525576845,-26.699495594293285,-18.907791063093896
2001-01-30,-23.40986604023669,-54.850364579135,-26.992945439073438,-19.760964554529636
2001-01-31,-23.667788329682065,-55.72052704689253,-26.900567853243555,-18.672284924421458
2001-02-01,-23.357879174569554,-55.836821757059504,-26.81988560407312,-19.60359538017142
2001-02-02,-21.57732525256506,-54.97297603538092,-26.380627027999186,-19.712099875208207
2001-02-03,-22.724745514765416,-55.67178759755641,-26.02384199213714,-18.785641932198295
2001-02-04,-24.169951525277583,-55.40676878928477,-26.563246668756666,-19.104726702406285
2001-02-05,-23.916007607751503,-53.61337406275978,-26.80539718374163,-18.70113195398948
2001-02-06,-23.752963856929945,-56.24005799804642,-27.33278120145056,-17.354651278284205
2001-02-07,-25.346892592950883,-57.90770568222556,-27.23868538972757,-17.27648492774272
2001-02-08,-26.37570546789471,-58.920100152894264,-27.891968775727136,-17.464269110508187
2001-02-09,-24.70837743406737,-58.487769116214,-28.206959909674538,-17.691530927098455
2001-02-10,-25.62491246295441,-58.16247735038521,-27.062023971363764,-17.123921333161434
2001-02-11,-25.08391174079442,-58.742513959332044,-25.93016985323955,-17.386796353645703
2001-02-12,-24.943823375485362,-58.65560896556738,-27.005578466534498,-17.581604761768894
2001-02-13,-24.812105512017272,-58.701118652732106,-26.40578059051354,-18.78025040792286
2001-02-14,-26.74510795491239,-57.23685661445118,-25.282335614418916,-19.384920983527877
2001-02-15,-26.742542826318495,-57.97771303369978,-24.026598743034114,-19.930682063793505
2001-02-16,-25.079920399671604,-57.42672550822061,-23.69974340119319,-18.72059800915042
2001-02-17,-26.067896380573497,-57.856885156789765,-24.744963575373884,-19.260842136814663
2001-02-18,-27.616767018254237,-55.73645115633368,-23.588697396036864,-18.882226824299842
2001-02-19,-26.97126060937083,-56.363566864144104,-23.516016010899925,-19.47709140185846
2001-02-20,-26.813614947595045,-56.10233729729126,-22.293710780524513,-20.03264276899696
2001-02-21,-27.52251163851333,-56.549725905781884,-21.12060559698752,-18.511242027713088
2001-02-22,-25.930717293731476,-56.68024979908656,-19.23722914660872,-18.28486604377255
2001-02-23,-25.70241647414143,-56.55135972755774,-18.916556378041285,-19.265766617536826
2001-02-24,-25.97152562915865,-57.25248846767398,-19.309150568233974,-19.091205585957365
2001-02-25,-25.021600409866185,-57.98974398588912,-21.317146103407598,-18.247613808379946
2001-02-26,-24.498838322143293,-58.42452145091577,-22.203061063060318,-18.93472932269595
2001-02-27,-24.091745668920513,-59.61579347795929,-21.83038053277692,-18.852432886638653
2001-02-28,-22.943854684851537,-59.9465922288999,-21.79661302360685,-18.57835527643718
2001-03-01,-21.07013204609743,-60.299808610198895,-23.09747027228737,-18.436084742083345
2001-03-02,-19.637979739998837,-61.09801612668586,-24.219483100415907,-19.050779244096194
2001-03-03,-20.148338522040994,-61.35865639339973,-25.961021495684452,-17.12062751055085
2001-03-04,-21.281865134485344,-61.14610635333613,-25.114816248239244,-16.9123405473284
2001-03-05,-21.374260175493365,-62.17760512703669,-24.80183652775997,-16.064529646070074
2001-03-06,-21.934539131328858,-61.36897354826123,-25.167210514219956,-16.021613917003798
2001-03-07,-21.360387367126506,-62.79963824829324,-25.85259119379676,-15.72354190753177
2001-03-08,-22.071417645780713,-61.65714933766612,-25.076499313070467,-15.998906779825733
2001-03-09,-19.61935827538383,-60.417657952117246,-25.95315908546661,-13.994369597307394
2001-03-10,-19.77772751181277,-60.121809605646426,-26.62403073503185,-13.275670635298212
2001-03-11,-19.464930725434183,-59.80358238590929,-27.292421878237555,-13.396239640271702
2001-03-12,-19.274079318961434,-59.79212966842903,-28.4211519630625,-12.606057628271408
2001-03-13,-19.511213501623264,-60.05747257631798,-28.308473292374433,-11.889466328726458
2001-03-14,-19.50143960941345,-59.95384505807279,-27.335184633963895,-12.317201173786602
2001-03-15,-18.355327312230266,-59.47932863353215,-27.563625658489446,-12.454461890377557
2001-03-16,-17.882512565527,-59.017038578677514,-26.395676683910875,-12.172699970830319
2001-03-17,-17.376944086441117,-58.08974116227889,-25.408542396763213,-10.884565759478443
2001-03-18,-17.779904799563074,-57.72132029773864,-24.89943657590134,-11.533910751311002
2001-03-19,-17.675232232284596,-58.37585258167146,-25.20424434999117,-10.465350063092407
2001-03-20,-16.407527778945457,-57.16999410421593,-26.295242924808107,-9.611479923510549
2001-03-21,-17.300533422354388,-57.630830657528264,-24.959300087449108,-10.594388128939517
2001-03-22,-19.334797174761682,-55.7057002987411,-24.828074960342654,-10.223501414763575
2001-03-23,-20.609222891736152,-56.50237019422586,-27.055379849246805,-11.4155667766239
2001-03-24,-20.39359551955115,-56.39439351187204,-28.21214097355598,-12.680838592943484
2001-03-25,-20.46119665104641,-53.621228253494515,-29.11966714983492,-12.40063527487499
2001-03-26,-20.820965562810102,-55.10802577675198,-29.648221991908343,-11.568263753494863
2001-03-27,-21.093604146064788,-53.90859949177916,-29.06807185566878,-10.902880084154768
2001-03-28,-20.334807511626796,-53.80022162864993,-28.397143586982285,-9.599709045123891
2001-03-29,-18.752560059896243,-53.70892088411294,-28.015500893993885,-9.465505296074914
2001-03-30,-19.545500997687487,-52.995870916871326,-25.90727323153422,-10.877250323724601
2001-03-31,-20.332736509265835,-52.671748290070646,-27.0432183752731,-10.720575854827421
2001-04-01,-21.532474921415734,-50.22553154897956,-27.28292351666948,-10.24306722507282
2001-04-02,-23.173052048122507,-51.640355347126274,-27.845618475337798,-9.716393616724783
2001-04-03,-24.263422398045144,-51.94148315187506,-27.665123474946636,-9.118152753394064
2001-04-04,-25.187167479349835,-53.11580380339158,-28.723903010076256,-9.276708335647276
2001-04-05,-25.13180173702066,-52.66047868301071,-29.583540120773318,-8.831472374335796
2001-04-06,-25.18007128472244,-51.748236200204595,-28.739298945564627,-7.015836879666247
2001-04-07,-24.029081198439204,-49.8320740512946,-28.173409982198496,-7.193419777580794
2001-04-08,-24.861981877271624,-49.71064513423728,-27.67427513701953,-8.370997532302823
2001-04-09,-24.432290246348096,-50.564190617032345,-28.216991162524316,-6.609537923567263
2001-04-10,-22.582846961938902,-50.818575211233174,-27.082776963357382,-6.377153564803193
2001-04-11,-22.804022242294796,-51.587459677614945,-25.39624789543531,-5.584158681784928
2001-04-12,-22.893435988853824,-51.05861037911364,-24.407273038249155,-5.928939032014611
2001-04-13,-22.434314226198506,-50.20517696571065,-24.291855219370515,-5.076918560271858
2001-04-14,-21.754344576504074,-50.054252774750324,-25.41776901222558,-5.33286766156241
2001-04-15,-20.710629729597706,-49.51110361809063,-25.093943950674298,-4.912122698053925
2001-04-16,-20.883505471494544,-51.73074507537301,-24.320790624169042,-3.8697569868024493
2001-04-17,-19.095538361098466,-50.10174801717043,-23.22599185097279,-5.850083429194649
2001-04-18,-19.966274901475494,-50.290272821258895,-22.534787954905045,-6.600168173978322
2001-04-19,-17.710727352710645,-52.308326768456716,-21.084002463715947,-6.921474117273026
2001-04-20,-18.590597904396553,-53.19536784919905,-21.423274993970875,-8.117951164023971
2001-04-21,-17.342613598042327,-53.69691750082267,-20.963337747544625,-8.099171901700386
2001-04-22,-19.793291050811906,-53.28200619370134,-20.276890363421078,-8.763516400618766
2001-04-23,-20.27028323847127,-53.63492212438721,-20.636159349939486,-7.585020046470516
2001-04-24,-19.928425400178007,-54.35653415854717,-20.709557461846014,-5.151475912416691
2001-04-25,-20.817110483991627,-55.38149612877876,-20.98207175446368,-4.9154769041881305
2001-04-26,-20.378528538669684,-54.74728829428414,-21.448197336956216,-4.874973059996876
2001-04-27,-20.090358702115022,-55.1749345379674,-21.74590116302634,-5.091312975884484
2001-04-28,-20.832411226654944,-54.89741214268784,-21.440850010500675,-5.088615714242838
2001-04-29,-20.270504560230666,-54.84027149198046,-23.466442780476253,-4.603168448201133
2001-04-30,-20.908748331386004,-54.29405466714442,-24.230016516379955,-3.4866063602607245
2001-05-01,-19.689055785957922,-54.29303861481892,-23.668109713389246,-3.9013211236913237
2001-05-02,-20.01063843180361,-53.1705312074321,-24.843068355667395,-3.8181246897547987
2001-05-03,-21.39386377126212,-53.48630750055715,-24.11107454603412,-1.7430233330636518
2001-05-04,-20.24469860228254,-51.37509405125374,-24.00628133077153,-2.291134603430696
2001-05-05,-18.748574552806694,-52.27288995030396,-24.66257444800918,-2.2711439764337404
2001-05-06,-17.395227672366758,-50.85750298084825,-25.527678194335184,-3.785363673247151
2001-05-07,-19.11388619187657,-50.00060108166943,-25.964405729278973,-3.58079531137056
2001-05-08,-20.783647333359877,-48.43670166520754,-23.992667590128576,-4.795981108771789
2001-05-09,-20.82032656286495,-49.058594889062235,-23.281678214888284,-5.385010291595753
2001-05-10,-22.049344281318977,-48.841113755290365,-24.08485158606303,-7.278691432725553
2001-05-11,-24.43247380477466,-49.089031727380025,-23.675479794192114,-7.256993405270011
2001-05-12,-23.317175183384773,-48.919799169623516,-23.71122058832105,-5.7498245139689645
2001-05-13,-24.44922815484692,-48.56379417389767,-22.687690086617554,-5.6493732512217125
2001-05-14,-24.8895973696559,-46.66778937752519,-23.973428483796983,-4.885453765152316
2001-05-15,-24.683006842044872,-46.86879885037244,-24.045837013376058,-6.356171920203607
2001-05-16,-25.10804815796305,-46.954250803631126,-24.04889645424673,-5.076357149578724
2001-05-17,-24.064698063478698,-46.96569004560818,-25.01226113557922,-3.752353455105042
2001-05-18,-23.472803667103175,-47.688731597010324,-26.35816369006179,-5.170387828385593
2001-05-19,-25.766258620222487,-47.982012548279315,-25.34431188938215,-7.232799945520633
2001-05-20,-26.362926804534663,-48.096600341999,-23.84389564950834,-6.218330617530011
2001-05-21,-28.0134381251813,-49.218532921494955,-22.841015947158468,-8.9047568334436
2001-05-22,-29.140678160344105,-48.954579499512356,-22.031206535983944,-8.412395348493073
2001-05-23,-29.8251926768488,-47.9335390500646,-20.718316130592356,-9.174656914576705
2001-05-24,-30.463793739647684,-48.731392662069794,-20.626488052074656,-10.465429678362518
2001-05-25,-30.8135810274306,-48.06951888151267,-21.269782818118127,-8.995974551432049
2001-05-26,-29.86391304468451,-47.63261134257333,-21.88797028657698,-9.502857793637773
2001-05-27,-28.228206849946957,-46.39383881917119,-21.700275273295322,-11.798480388653154
2001-05-28,-29.0271432994419,-46.256487372055176,-20.184433152133735,-11.462479475844075
2001-05-29,-28.508261728743793,-45.653819836711676,-20.881864274530493,-12.097247596422296
2001-05-30,-27.22450770837089,-45.14454410431189,-19.716770006434285,-11.120182569950343
2001-05-31,-28.711178561092062,-44.1312656122569,-19.248362940204277,-10.34493896616645
2001-06-01,-28.65221145399106,-44.31989683574529,-18.845177382292363,-9.862079257612896
2001-06-02,-27.17542842162528,-46.21750995040116,-20.044485266632112,-9.627155660567476
2001-06-03,-25.865464031875966,-46.94831398568868,-19.210251228301235,-9.221964546247824
2001-06-04,-26.254390809597243,-45.92212326625539,-20.13531672206934,-9.189535059456519
2001-06-05,-25.315886289068477,-45.331383494217384,-19.60013485601228,-11.01768894142845
2001-06-06,-26.20410689270264,-46.493986823461015,-19.131954337341117,-10.86939727350748
2001-06-07,-23.233616709003698,-46.310372214158996,-18.867179201559587,-11.078835411808274
2001-06-08,-24.402118891669453,-46.54169854322409,-19.861019264760642,-11.631935634714718
2001-06-09,-24.408638705728922,-47.39792952634066,-18.93402938576695,-13.865774817022595
2001-06-10,-24.338299709376663,-47.64948185775487,-20.54083518815675,-12.18598001728382
2001-06-11,-22.930569962055053,-47.2580930420566,-22.18779105922128,-12.213561058555705
2001-06-12,-22.83356870418707,-47.1142862135693,-23.496665936464204,-12.099404776234223
2001-06-13,-21.905878257300948,-46.78281536446525,-22.819172012414818,-13.866117822973036
2001-06-14,-22.287007820893557,-47.93124608748549,-22.177304170279726,-15.307180529187573
2001-06-15,-23.158284715483628,-48.93319642606693,-21.598279661132622,-15.537613582782475
2001-06-16,-22.519404436346388,-49.5933816766274,-20.473650678989063,-15.38106978121598
2001-06-17,-24.279120911272344,-51.20085758314203,-21.48874671339434,-15.479745190641202
2001-06-18,-22.198238210508908,-52.5596042679327,-21.323691562132726,-16.745317658713567
2001-06-19,-23.298954523110417,-53.484467729714694,-20.31915286790974,-15.096586708201151
2001-06-20,-23.568251354817026,-52.21714342925213,-23.129545589161392,-16.69467433306171
2001-06-21,-23.65021564335936,-51.208711391774536,-24.052423332228635,-16.839742861991276
2001-06-22,-22.679955297934267,-51.111932979010206,-24.34477659145508,-15.491785963402839
2001-06-23,-21.696393354052127,-50.48882033893933,-26.221513255133853,-15.179774957732882
2001-06-24,-22.49988937996201,-50.88945870860489,-26.94600512846015,-14.228943844712004
2001-06-25,-23.253671138717,-52.106936378612495,-26.183662087931594,-14.42625955122296
2001-06-26,-23.15047144186857,-51.64350486348504,-26.354383988750765,-14.426623204684619
2001-06-27,-22.074659698486354,-51.12319846385571,-25.94964672698442,-14.255220398237073
2001-06-28,-21.91745580934777,-51.2440025863816,-27.263622138109145,-13.84148685706086
2001-06-29,-21.772344005102944,-50.07568201435253,-27.325041560731577,-14.01958363566519
2001-06-30,-21.31006709162055,-49.68642773107473,-28.503486227996987,-12.921247303147576
2001-07-01,-20.546701926962506,-52.54493813384556,-29.283241000877446,-12.329757428072618
2001-07-02,-20.692955264272147,-51.34887110677401,-28.73962507564362,-13.226959842713919
2001-07-03,-20.79414009143885,-53.13219877210815,-28.67827583599248,-12.214968018677117
2001-07-04,-20.773305783150956,-52.68253767180661,-29.447789925591998,-12.100071926953673
2001-07-05,-19.760768162627414,-53.18355513853445,-30.82790084908207,-11.482919680789479
2001-07-06,-18.857369382082116,-53.17948467284815,-29.503089766789802,-11.772077556477907
2001-07-07,-19.581678241022203,-52.34860633801904,-29.0066915241921,-12.185833790033653
2001-07-08,-21.13763522473968,-53.88293297126641,-29.275628659332426,-12.642167855322676
2001-07-09,-22.54528011222898,-53.47955898283507,-29.555777701453458,-12.506880012662172
2001-07-10,-24.094809746393043,-53.533908226832644,-30.413850616143353,-10.475003555531352
2001-07-11,-22.83340418815229,-53.549435053604256,-29.818385107937825,-11.436690113225646
2001-07-12,-22.0656445611808,-53.78846419470742,-29.10779253797316,-11.555053129161992
2001-07-13,-21.911641679057652,-53.24557702331401,-30.404593035032256,-12.242863664912901
2001-07-14,-23.14220808230364,-53.62355418892107,-28.623869745000697,-12.315868524422918
2001-07-15,-23.310039484466724,-54.251573768854655,-29.763342976948866,-11.138419026145725
2001-07-16,-22.523403042215925,-54.596055117894174,-29.519101174879605,-9.968886660031925
2001-07-17,-22.88231246716834,-53.75685070942457,-29.79600118004839,-10.898922330775287
2001-07-18,-22.702629113321315,-54.20239496196933,-27.47875134341315,-10.98574126880225
2001-07-19,-22.4481802682424,-52.74644014708396,-28.755370428942868,-11.838925638928044
2001-07-20,-21.019155198589615,-53.3960503411742,-28.62211986856545,-10.575572195603762
2001-07-21,-20.776192667185214,-53.62052924441605,-26.855901599545184,-10.832884969876584
2001-07-22,-21.471584185840477,-53.427169237528695,-27.020465763931313,-11.976880983092972
2001-07-23,-21.648783547061612,-53.47471846303252,-26.229193047798198,-13.28137238298865
2001-07-24,-21.06073979674281,-53.2293073083526,-27.08470062976759,-12.2118683761063
2001-07-25,-21.984464466195973,-53.60951443305936,-27.42080574036062,-11.687418477384345
2001-07-26,-23.678055746634456,-53.62863392064328,-27.87115541237949,-9.289746391189098
2001-07-27,-22.84283769847829,-53.440432524558354,-28.326216336818078,-10.38566518345986
2001-07-28,-22.22742455262464,-52.72427216428467,-26.994398381221085,-10.992582074220195
2001-07-29,-20.86353870065889,-54.38031239506391,-26.438479957331186,-9.651407880369945
2001-07-30,-19.822550939563534,-56.03190102094537,-25.40732570088357,-9.024923652665578
2001-07-31,-19.41185702098299,-54.80005604658059,-23.836257250456427,-10.145987318206078
2001-08-01,-19.454583791984927,-54.414253696014434,-25.145779960612607,-11.052676419567538
2001-08-02,-20.011551673777966,-54.34819355636252,-25.10576873987973,-10.33019277584116
2001-08-03,-21.2428832349197,-56.194133324087936,-23.49484970515818,-9.96226900437968
2001-08-04,-20.537349273153904,-56.808141138814285,-23.451507162246717,-9.128661466861812
2001-08-05,-20.354259729582648,-57.04217969081703,-23.23231723805123,-7.515759070976583
2001-08-06,-20.522731135444577,-55.994855523573186,-23.201215501840778,-7.298615718811849
2001-08-07,-20.871549779579283,-55.29309991274101,-22.959165353623565,-7.799222778751878
2001-08-08,-20.84795681897733,-54.73241416406353,-22.315879983423255,-8.177718513531804
2001-08-09,-21.2985154830528,-52.94733523814442,-23.37324917159263,-9.044942220438347
2001-08-10,-21.163585977346273,-53.83382560034027,-22.859033909016517,-8.565898731513075
2001-08-11,-19.702083168450738,-53.54222507749442,-21.06018714987628,-8.078343317823155
2001-08-12,-21.85897616546945,-54.63011916043097,-21.44905022588395,-6.426109409919575
2001-08-13,-20.814192679034363,-54.44559531299237,-20.655865398856015,-7.781462097946437
2001-08-14,-19.424995491084893,-55.7203153389393,-21.10395398005891,-8.270973666884695
2001-08-15,-18.217976613395738,-55.50675763165909,-21.21504676405669,-7.474469373458053
2001-08-16,-17.285530068299327,-56.267351659475,-20.677297624114008,-5.654687788388333
2001-08-17,-17.864877889517405,-56.957986732876705,-22.205025901488447,-5.405540701096323
2001-08-18,-17.71354282684799,-56.405834836995595,-21.766735671845513,-5.438782129103088
2001-08-19,-16.145274471131557,-57.08676060038874,-21.69360790611176,-5.574404199078534
2001-08-20,-15.956140135916852,-58.583812465495065,-20.844037115717278,-5.430951319923625
2001-08-21,-15.684933242486425,-59.432811890199275,-20.137604599383778,-5.5838883468361376
2001-08-22,-17.102427013693134,-59.52373699780554,-19.522615708951644,-4.804265528907818
2001-08-23,-17.567950837042687,-60.03857037953342,-19.361506711048488,-5.823243764138239
2001-08-24,-18.33937419488245,-60.52667180285656,-19.927437471688823,-5.827285754765203
2001-08-25,-16.61036264634113,-60.502302225572144,-22.536215298149106,-6.643304012766428
2001-08-26,-16.933726560383718,-59.93115850909984,-23.776372086503788,-6.320537160046133
2001-08-27,-16.019275135952903,-61.55757721751988,-23.441668630010888,-5.283068381490959
2001-08-28,-16.735624236466123,-61.77295923062778,-23.811783239727372,-5.4333773283288425
2001-08-29,-17.204063699807385,-60.7256896847095,-24.253596412984994,-6.093082877209119
2001-08-30,-17.63456979290465,-60.41617271268724,-22.273440885766185,-5.778159990239519
2001-08-31,-18.33657471990965,-60.09301111992356,-22.570550786546793,-5.793556024008274
2001-09-01,-19.27965942732763,-60.148747314868075,-22.963908694112224,-5.785422963929474
2001-09-02,-20.64544707414846,-59.264009797182496,-24.267538122222387,-5.448139740301732
2001-09-03,-22.0294218008512,-60.5277466495301,-24.43390376918933,-5.66266441073917
2001-09-04,-23.52584491341444,-59.992543089807235,-23.795625929353058,-4.915667681633124
2001-09-05,-22.877215849193018,-60.520084534375464,-24.753017190597213,-3.891728747142638
2001-09-06,-23.25590538833316,-62.71413564745415,-25.395934539737514,-5.13647969844516
2001-09-07,-22.64671265812606,-64.96994010467115,-24.813646694142008,-3.5406077101715026
2001-09-08,-23.05003366320821,-64.74733719781452,-25.179537535279,-3.257370414643217
2001-09-09,-23.125371166731387,-65.44555164160887,-24.813097077752747,-1.7778243179489701
2001-09-10,-24.51775315448297,-64.52351199740848,-24.61083976900097,-1.7597004298746821
2001-09-11,-24.404753530329348,-65.24833963545944,-25.27577077978393,-1.1325984265031055
2001-09-12,-24.07453211106413,-66.07446464771016,-26.30769855916098,-2.827245140684462
2001-09-13,-26.283377991870523,-66.04516111028221,-26.44108627509481,-3.017328035473999
2001-09-14,-25.537461992611927,-66.21336673074299,-25.373062451334697,-3.2024110639916445
2001-09-15,-25.433767519380236,-68.22017306988411,-25.740351551598312,-3.0051007944249712
2001-09-16,-26.204349304008474,-68.17864333495008,-25.80741417876934,-4.535917276114616
2001-09-17,-26.431852031314783,-68.30360279802419,-24.772777600603824,-5.727358551820165
2001-09-18,-27.25110835694689,-68.2168860065013,-23.75198482919213,-7.228474245450682
2001-09-19,-27.04578730023178,-67.97685931153673,-24.18586770299437,-7.070157789703372
2001-09-20,-26.24386137524546,-67.13553390787182,-25.938179663381195,-6.715983316132208
2001-09-21,-25.125904866831522,-66.4983679974667,-27.309356865102302,-6.1461052349057015
2001-09-22,-25.053074361308695,-66.33803805692908,-26.98900146149602,-5.208019203719452
2001-09-23,-25.32338203721588,-66.07457488037396,-27.800543378111396,-6.485727717404268
2001-09-24,-26.40245878592406,-64.40391120545962,-28.338798665296874,-7.073096231671845
2001-09-25,-26.363155803349883,-65.65993150348706,-28.17834089938958,-6.968403056372789
2001-09-26,-25.396662224059487,-64.09948017248372,-27.427641808312202,-7.970484736734871
2001-09-27,-24.007229608957736,-64.16749183614405,-27.622628361991065,-6.934148378422291
2001-09-28,-23.14262563791481,-63.824276528167836,-27.196535177503065,-6.207456063608186
2001-09-29,-22.67475187296017,-63.87502825070589,-27.49818377973083,-6.76084211567869
2001-09-30,-23.290245600078297,-63.48612460475216,-28.305334211572525,-6.018231932703824
2001-10-01,-24.097889166156968,-62.57280627929385,-27.40700427650306,-5.280552426537457
2001-10-02,-24.614732900307562,-60.75603434167367,-28.057899088953015,-5.12372973815099
2001-10-03,-26.595295217601183,-60.13128402666534,-27.97865765708177,-5.418920800896663
2001-10-04,-26.43097491168671,-59.729193962998444,-29.130949729869357,-5.378221007738348
2001-10-05,-25.858774311698728,-59.6762618031001,-30.331787691090163,-5.35617724331592
2001-10-06,-26.909542584323646,-58.45093104192796,-31.259074155611813,-3.432016585104269
2001-10-07,-28.089430417457656,-61.3199862430018,-31.988431750748486,-4.442256058512969
2001-10-08,-28.451425109105145,-60.479026391535555,-29.36975191606262,-5.039382520510831
2001-10-09,-29.31874561027731,-60.01418999165138,-28.125095284525038,-3.4544404519726175
2001-10-10,-29.917623951403435,-59.10579079893306,-28.46098774367623,-3.0442321493541424
2001-10-11,-30.896233781482273,-58.5489804483451,-27.918396543986542,-3.1403772439682243
2001-10-12,-31.873838566809397,-57.90729839921431,-28.018839632263802,-1.3239280309999308
2001-10-13,-32.41065495387089,-56.079811626473955,-30.124594148319176,-0.8518150064445833
2001-10-14,-33.100162999570394,-55.86528261454408,-28.120221409764486,-1.6257341606338152
2001-10-15,-33.72183494583453,-55.476990078892925,-28.92367235278103,-1.2367276144903903
2001-10-16,-35.01149836664651,-55.749547353555215,-28.34961377572835,-0.3529209693058243
2001-10-17,-35.2124302548509,-56.939337941049075,-28.182735355593305,-1.0492034366694016
2001-10-18,-35.65713015304578,-57.18813122034775,-28.630506064345013,-0.7332414543765938
2001-10-19,-36.16683854933519,-58.82734232157815,-26.82097071342779,-1.6306609030485992
2001-10-20,-36.15099363838838,-59.45638396527948,-25.858259579591284,-1.874684092731584
2001-10-21,-35.07131522250577,-59.32777392295027,-25.74340844632559,-2.713291177035014
2001-10-22,-35.51937251541711,-60.189008049302075,-23.01923519677572,-2.9501070198282617
2001-10-23,-36.0468489741759,-59.26778181165201,-23.38853770274303,-3.075068493606287
2001-10-24,-36.01998483131382,-60.01916404156419,-23.36405829727418,-3.962603530419774
2001-10-25,-36.24079598118924,-59.91398403313722,-21.97260444142395,-4.3718082684347515
2001-10-26,-35.80638040790596,-61.077455632702154,-22.778648513356245,-2.5220721332591944
2001-10-27,-34.64585651784454,-59.66410449949719,-22.955802926519798,-3.176667913659264
2001-10-28,-32.95692913442798,-59.04378939724173,-23.559254186628134,-4.983700148798933
2001-10-29,-32.2596996962565,-59.21501408571185,-23.33304405169602,-5.563828348786604
2001-10-30,-34.584669647251104,-60.90933005712366,-21.730783359946972,-4.96877577486491
2001-10-31,-33.541089335368724,-62.42099654748845,-21.283756322977702,-5.757044822450846
2001-11-01,-33.20636050494487,-61.3925513585874,-20.901901297202045,-5.21472113788579
2001-11-02,-32.094889033009174,-60.67882771645512,-21.107708419980156,-6.6865858872996
2001-11-03,-31.534198840541556,-58.69553242534941,-22.667494360369552,-7.525635450245886
2001-11-04,-31.70046827211059,-58.58522525503122,-22.364099500595998,-7.43878871388849
2001-11-05,-32.13295661789916,-58.93084098568251,-21.154839525942172,-7.48561478568288
2001-11-06,-31.693676848328536,-58.99176004675872,-20.504127098786856,-6.725155307840915
2001-11-07,-31.097367362337497,-57.94826856909903,-18.928113700384035,-7.158588808377988
2001-11-08,-31.814094267513767,-58.15004865798344,-17.124712329055853,-7.725895448743546
2001-11-09,-32.607678411238396,-58.754221120505136,-15.664120260135249,-4.749287428577614
2001-11-10,-31.27810535630481,-59.51854440836366,-16.11807297015761,-5.091162476920261
2001-11-11,-32.211922374407926,-58.858445422441484,-16.33190884527533,-5.432483472178123
2001-11-12,-33.86003810884827,-60.89957988447834,-15.379478125029332,-7.249365311557903
2001-11-13,-34.86831452242573,-60.86294485075759,-16.574254800861006,-6.331352347333856
2001-11-14,-34.30891290965882,-59.41188878500225,-16.39189334049918,-5.667010935672899
2001-11-15,-35.49504601839966,-59.64210489115461,-16.97712797018572,-4.848647183937545
2001-11-16,-36.709025227591724,-58.34469614071802,-17.678840489175876,-4.187437523366004
2001-11-17,-36.67531618218166,-58.52747253242845,-16.92609396354212,-2.627957894265464
2001-11-18,-37.09913707497109,-57.418333744323306,-17.469963174504258,-0.13227037066926606
2001-11-19,-38.32370129144468,-57.837326064516766,-17.766864100532054,1.757095808764606
2001-11-20,-36.986228568512765,-57.89716423216849,-17.890267643715653,0.7945818254799144
2001-11-21,-37.42100068968207,-59.97539432342504,-17.70143372191804,2.650581975845206
2001-11-22,-36.443367796375504,-59.316095381302794,-18.48764155835469,2.325550845750664
2001-11-23,-36.74775124150289,-59.03759400692429,-18.405246141977074,3.3090059217443204
2001-11-24,-36.928902021012036,-58.60260557952107,-17.99940480750804,2.7507928250123346
2001-11-25,-35.371045118211065,-59.36579513795908,-18.0242159774803,2.5686314838004054
2001-11-26,-36.436289656958635,-57.75743585085598,-16.832722889794812,3.4686720557495647
2001-11-27,-35.92041397356755,-59.388229675354275,-16.164381560193853,3.6381486584388774
2001-11-28,-36.467230641005656,-59.82696665090316,-15.691511156663607,3.6817269751537816
2001-11-29,-36.36337099984515,-59.51579328284123,-15.656523593752459,3.656777245175578
2001-11-30,-36.23490750088117,-61.77822858462831,-15.880280866958833,3.292520048038896
2001-12-01,-36.40955041486287,-60.670297010473,-17.039190060491418,3.5956606864488836
2001-12-02,-36.668753365933235,-60.47815621773455,-16.058256772900574,3.2742471095533663
2001-12-03,-36.83461680319623,-60.222501004749375,-16.81477823836728,3.3688306868213704
2001-12-04,-36.99906650198528,-59.95194695850492,-17.66236950542189,4.547734140100934
2001-12-05,-37.4810393238709,-60.49418438011776,-19.014187509500736,3.8100939140587897
2001-12-06,-36.076796186426805,-59.0788256619373,-20.099968649009035,2.818948582352661
2001-12-07,-36.94230206039642,-59.31418400792881,-20.105111590144713,4.487709657070962
2001-12-08,-37.14189844981658,-59.65346395044005,-19.040069769954904,4.117052847808652
2001-12-09,-35.95158947158086,-59.31447147039807,-18.04114276978629,2.4647561801764084
2001-12-10,-35.2047611754075,-57.968961695866014,-18.676218882075354,2.2705767190105073
2001-12-11,-34.16239543139876,-58.237160290881086,-17.936398659801,3.1416056281645144
2001-12-12,-35.50130567005386,-58.577898863976934,-18.131732780706894,2.578891411254106
2001-12-13,-35.003635436351644,-58.367090672295525,-17.09263345409324,2.3100554570873175
2001-12-14,-36.07010704118003,-59.240166073818536,-16.972339111274433,2.7141949480626497
2001-12-15,-37.797518909145296,-59.906455090465165,-17.702352763047347,3.6939749444050287
2001-12-16,-38.89265748163068,-60.75364872926857,-17.372779351180185,3.7601375705654667
2001-12-17,-38.280269182074036,-61.88000784188694,-19.293615578913585,4.349772842951523
2001-12-18,-35.45661591924144,-60.96262467186711,-16.911725530772486,2.951231424231844
2001-12-19,-34.85793422709362,-61.07955217211765,-18.756104038048655,3.706793516154053
2001-12-20,-35.324651808080624,-62.36419496993057,-18.6371343622981,3.106276305560814
2001-12-21,-35.54211560856954,-63.28855183970259,-17.885126920695054,4.353735025506027
2001-12-22,-36.54532158506301,-64.59080286287436,-17.997636102126283,3.675518654845261
2001-12-23,-35.6549008213719,-65.50758406189365,-15.975368971852548,4.104958697349172
2001-12-24,-35.12907786208137,-66.23709454697935,-16.059723318952727,3.2493037433688023
2001-12-25,-34.814031700915976,-65.19487076071843,-16.110505588552765,3.3592229947501937
2001-12-26,-33.89915707071505,-62.75321287524072,-15.63519772658534,3.2769314407643213
2001-12-27,-33.21974493867378,-63.74611182323549,-13.56226053084686,2.807596170256341
2001-12-28,-33.50223256036569,-63.986355713994385,-14.95510978769735,2.4214745373689395
2001-12-29,-33.25844633346964,-63.84724468421529,-15.14262671773264,2.71778633097922
2001-12-30,-32.73492824398259,-64.57294379910935,-15.515354288936383,2.737768295903991
2001-12-31,-31.494954209566185,-63.845895403974154,-15.064107068442924,2.7187521097622054
2002-01-01,-31.859628378754085,-64.65297122180274,-14.477719173085108,2.175937286761282
2002-01-02,-34.09581257035456,-63.67661755500786,-14.351069804214468,2.6233974644729563
2002-01-03,-33.58872743117282,-64.25134171855063,-14.781618353127152,3.4002486379240535
2002-01-04,-33.28759667710241,-64.62830693326572,-12.75379741349866,3.9966603961486005
2002-01-05,-33.382010802010626,-64.83715145080483,-13.611765567225632,3.2310733751297995
2002-01-06,-32.73130954898394,-65.85642200502488,-12.235318846676751,3.353213158343536
2002-01-07,-31.238509792704534,-66.71952828539324,-12.501962441447347,4.975561029393157
2002-01-08,-31.16512782285536,-66.73366073145012,-12.56866486526554,4.299508395290029
2002-01-09,-30.33053079946402,-67.8007432649364,-13.729928665893361,4.033859602714586
2002-01-10,-29.840816328855766,-65.56504072916695,-12.422737680981202,3.6902773955598716
2002-01-11,-28.762227307894836,-67.14387727587614,-12.804497355521688,3.8235983437026664
2002-01-12,-30.640169895236887,-67.65364647641451,-13.16878821518667,4.937124869699684
2002-01-13,-31.098884609544246,-67.83585594787782,-11.703087629520338,5.243200836947528
2002-01-14,-31.348368487184228,-66.113948035349,-11.992844897288021,5.086571304723899
2002-01-15,-32.115147467873186,-67.40602145821602,-12.215111744408638,5.512503441068402
2002-01-16,-32.34777884334556,-65.40588787551732,-13.828912024602166,5.405996594634385
2002-01-17,-31.280962686412106,-66.62622249336182,-14.903231554195003,3.716342284054443
2002-01-18,-31.980948178580082,-66.49286547850257,-14.597264026512176,4.92319006321114
2002-01-19,-32.84301912771926,-67.0785482909148,-12.780043207960073,4.548185724847228
2002-01-20,-33.64512683025052,-67.41815015725723,-11.524340674725972,4.630643914516269
2002-01-21,-32.30549370444435,-67.54895157446425,-10.913383708640376,5.616420962122836
2002-01-22,-33.0243045033279,-69.46471203860715,-9.924766215465798,5.481829879223957
2002-01-23,-33.59304125772258,-69.70770994571052,-8.99678838430964,6.018988392094358
2002-01-24,-33.72166672011065,-70.01898939128309,-9.882132092281017,6.927794521505439
2002-01-25,-36.04505901777318,-70.10303992761999,-11.356907184596352,6.772642899760574
2002-01-26,-35.09369638908925,-70.19336842154067,-11.586875127309995,6.987936441797159
2002-01-27,-33.63334416731292,-71.5052620152563,-10.208985958074086,8.679668707654347
2002-01-28,-33.00733181684576,-69.35845605557326,-10.162188433959393,8.434530327943985
2002-01-29,-32.38244670330266,-68.31757478150608,-10.412790196481001,6.817347094419302
2002-01-30,-32.37223138389246,-68.68298208975072,-9.021244769001058,7.068498772715004
2002-01-31,-34.032908563051606,-67.44075600088571,-10.14454654133351,7.293291836317403
2002-02-01,-34.88662482879644,-67.94009300018347,-8.63955815556109,7.387089684690387
2002-02-02,-34.63061226684895,-67.37691806099274,-10.78101492761973,8.107847353477373
2002-02-03,-34.62569617018273,-68.2144050338097,-10.043249463166006,9.485978100077018
2002-02-04,-34.8661573844574,-68.75135577850705,-9.700362521280509,10.277059004458696
2002-02-05,-35.897140016772475,-68.23674150260968,-11.418047790562534,8.630150983648166
2002-02-06,-37.915499453435515,-67.88400087618778,-11.457549299820746,8.988000993735223
2002-02-07,-38.73392447259764,-65.56358847335345,-11.134288190735457,8.612835136261163
2002-02-08,-35.87546666771548,-65.55017070319204,-9.10328329879079,7.1268432401752815
2002-02-09,-34.8295877087162,-63.555496765038626,-9.171997782924397,7.664621243697939
2002-02-10,-35.08331912891604,-63.93880375739434,-8.797227946466602,8.649105297104857
2002-02-11,-35.69904999767047,-65.00903204485344,-10.446877859353677,9.853421067966654
2002-02-12,-37.99929427090702,-64.11174607235709,-9.527199170483215,11.452418162414038
2002-02-13,-37.47931767013714,-62.815479930424985,-9.04471523490453,13.367673141734505
2002-02-14,-38.2658538568468,-63.126494971187604,-7.4436953291434085,12.99594160105092
2002-02-15,-37.81637383440061,-64.66799860697412,-7.813580735088466,15.682036271398378
2002-02-16,-37.76617910497979,-64.15590880832144,-8.479839725493166,17.10739115275869
2002-02-17,-38.66753583046968,-64.52388909136621,-8.524480078722585,15.233764528337614
2002-02-18,-36.81907287263652,-63.123765802779495,-8.911588596386938,16.241734497936285
2002-02-19,-35.645456843761174,-64.05880196411664,-9.686586679550047,16.920669383219504
2002-02-20,-35.982571928482045,-64.8069046959693,-9.3194986655337,19.506848998903273
2002-02-21,-35.744551362095955,-65.95024763767533,-8.67057617103577,20.030064490902976
2002-02-22,-35.76683627712014,-67.21799227097664,-8.553113225222258,19.65735919006854
2002-02-23,-36.255095378813444,-67.73343722767405,-6.8710536515301035,19.88699894347168
2002-02-24,-35.291742117666246,-66.64907076327793,-6.901414994630507,19.501618313421854
2002-02-25,-34.64159942850975,-65.60734236596109,-6.6950005831441715,18.643168595915395
2002-02-26,-36.09887814977857,-67.48548400075418,-5.586027510700482,18.216321046939676
2002-02-27,-35.024428434425495,-69.25934687788398,-5.42165222496701,17.606403301434483
2002-02-28,-36.88741529921256,-69.69617849343813,-7.596530381282112,18.109356162640072
2002-03-01,-34.42678473073803,-71.23891249389706,-7.5508548266331195,17.009753882177517
2002-03-02,-34.01526281768703,-71.54965439965423,-7.347115025779596,17.897446525013265
2002-03-03,-34.73832140750683,-71.48707670000368,-8.721537628264684,18.08264899140402
2002-03-04,-36.38768200444035,-71.40844663297176,-9.454018217483998,18.37282152991841
2002-03-05,-35.49725361414566,-71.8716351560709,-8.48905730445703,19.224251801100124
2002-03-06,-37.593037759129686,-71.36097687894926,-7.679106795577173,18.776192439730284
2002-03-07,-38.524419772105674,-72.5321576628667,-8.149014714847029,18.294150857609708
2002-03-08,-37.10441906154437,-72.35362893015073,-6.440194558810472,17.512879832465735
2002-03-09,-37.05449307471151,-71.29417129305686,-6.974430133285952,18.134509713875016
2002-03-10,-38.122925097905124,-72.12300428955805,-6.788083973260469,18.544048728857014
2002-03-11,-39.117691071457294,-73.82634150218573,-6.212018116139575,19.70537521565487
2002-03-12,-38.778180248557895,-74.09603182272741,-7.697533720485963,19.514190845637593
2002-03-13,-38.593853290013314,-73.7169836388934,-5.653352497218963,19.463028058606678
2002-03-14,-37.33019233102129,-74.13660320456434,-6.907765198050738,18.78522536959313
2002-03-15,-38.886890161438465,-74.43195239788334,-6.211281658757843,18.843191548263945
2002-03-16,-38.826825621634114,-76.06210797135637,-6.644330915438784,18.321373098908015
2002-03-17,-39.23058790369313,-77.447162235009,-7.309761554335076,19.38124791687958
2002-03-18,-39.557578708656166,-76.74433242644304,-6.741977244249827,18.98894249138605
2002-03-19,-38.64381706878664,-78.51761249692287,-5.161308690531348,19.406752099356453
2002-03-20,-38.74771725721209,-77.04812978350576,-6.079085890879103,19.276416803605876
2002-03-21,-40.104652909430826,-76.78243556246834,-5.888430192900921,18.43172337388076
2002-03-22,-40.27868671792249,-75.80780814125899,-2.871047697159354,16.407335926040048
2002-03-23,-42.090336046002086,-73.3841255569522,-2.1585666892014945,15.510760440966306
2002-03-24,-43.81289543073137,-74.98579736720654,-2.208940282181549,16.39664361068594
2002-03-25,-43.763753338990604,-76.3695436643828,-2.2582575186621194,17.03347971991252
2002-03-26,-43.40190044976984,-76.33336194508261,-2.824122355929235,16.697395446944533
2002-03-27,-43.95234882053131,-77.33740294170767,-3.9196546047825356,17.863614461530137
2002-03-28,-44.76147718939152,-78.37094662303797,-2.5438704121834954,17.956540008219637
2002-03-29,-45.09318800373124,-78.50125643021974,-1.4909452611427398,18.71935986085003
2002-03-30,-45.08498534469906,-80.58796322478601,-2.220031911186294,16.070176326097908
2002-03-31,-45.88668348853433,-81.04354928527574,-1.2448663555543809,16.503505747903542
2002-04-01,-45.15207727677937,-81.66109170160891,-0.5471009107586426,16.302515870680757
2002-04-02,-46.13907474877693,-81.84153609779591,-1.1139458324610378,15.59822860761157
2002-04-03,-46.516275331982875,-82.2864992491887,-3.1465864083399815,16.62026432104344
2002-04-04,-46.631747694651764,-82.7922654074992,-3.3751542483164743,16.806285744011
2002-04-05,-45.99577345823693,-84.38099299474244,-5.047237455908441,16.03928874619504
2002-04-06,-46.01748207991557,-85.26627133066722,-4.6648739954136715,16.982299881445318
2002-04-07,-45.723590407526466,-83.83205363438417,-5.273130022686232,15.66650637483672
2002-04-08,-44.67249267659446,-84.55625837340281,-7.307423298200936,15.524437938944985
2002-04-09,-45.55434422508888,-84.15721583782208,-9.742442563553054,14.879541933459368
2002-04-10,-46.25646485066312,-83.40710951889147,-6.97597141817295,15.380685625758446
2002-04-11,-47.39727501279338,-82.7159468009664,-6.386660766708452,14.640599699803053
2002-04-12,-48.08871194945121,-83.90258439569271,-6.026768807103057,13.15263474918478
2002-04-13,-47.926646587229456,-85.01811820709375,-7.341617716903588,14.448286115704262
2002-04-14,-47.647596333483705,-85.03392781938308,-7.172703487932761,15.949260438139412
2002-04-15,-46.89491692522346,-85.88750020299011,-8.574475590076085,15.017419054678463
2002-04-16,-45.09333215161342,-86.06974793392266,-7.669856040095885,15.645690264671975
2002-04-17,-44.604125861102986,-85.53723240109888,-8.200876485768013,17.40122830481334
2002-04-18,-44.043543784357944,-84.86769075058116,-8.10759363672381,17.720780456856296
2002-04-19,-43.56549464054202,-83.87845624646286,-7.4106978475191765,16.641763080721624
2002-04-20,-43.54505628784355,-85.964625257521,-7.293262877548459,16.55553547742519
2002-04-21,-42.19384186150731,-86.7765995933877,-7.6749420366236984,16.314831357784353
2002-04-22,-42.74508488087172,-87.68703191227495,-9.22141695414736,15.627624763203658
2002-04-23,-40.32970045710056,-86.37394268301692,-8.916390284887118,16.766624414976338
2002-04-24,-41.00003135361425,-88.47304009316022,-9.568375583531976,17.873407950942653
2002-04-25,-42.03091944269276,-86.52878397539804,-9.660787961547653,17.728492697380247
2002-04-26,-43.27411683304268,-86.4372226841376,-8.36235977464276,16.272316295861035
2002-04-27,-43.31782896071523,-86.9129207713738,-6.2919635104031855,16.52317471682473
2002-04-28,-44.4643086790242,-84.87540065086861,-8.274844518373644,18.340171003122794
2002-04-29,-45.711947024349946,-82.90998904723712,-8.92334585486417,19.67133503055744
2002-04-30,-46.63542271994466,-82.15220166524512,-6.788703061334944,20.037347436936543
2002-05-01,-46.33415962112251,-82.72478075700886,-7.419189195168771,20.106697769433183
2002-05-02,-46.44772852517431,-81.8150244895173,-7.91657471030599,20.39896118306413
2002-05-03,-46.13927537417771,-81.61544026144031,-8.253505199630634,21.516123775860542
2002-05-04,-43.54587676936267,-81.00092298550719,-8.09471714033316,22.63612459943843
2002-05-05,-42.40940714346996,-80.83448022757361,-9.019818490758489,22.93924083275195
2002-05-06,-43.60564491660571,-80.48202506630437,-8.231872578165717,23.279997598818618
2002-05-07,-45.119858489811044,-81.08412495999403,-8.837856233878613,24.57593517037028
2002-05-08,-44.59595412914608,-80.18865607048548,-8.330456667477167,23.60537374407689
2002-05-09,-46.12180929647972,-80.97889559302034,-8.049352682757284,25.580107638586732
2002-05-10,-44.80065441260367,-82.42594346499057,-9.287800653491436,25.581294700572574
2002-05-11,-45.66315671672725,-81.9653062643905,-9.12481566435897,25.6121312277058
2002-05-12,-45.99166881608879,-84.10891807726837,-8.621209485047503,25.035060867217634
2002-05-13,-46.21790362273773,-83.076396025639,-8.141725859194555,23.771100903766
2002-05-14,-45.04448799490032,-82.03610474725717,-8.258666568154931,25.925420746260695
2002-05-15,-44.61785321479572,-81.31158991729002,-7.33579761208679,28.083661627825013
2002-05-16,-44.03676035207072,-81.4949966319664,-6.929856785118296,28.256437632237205
2002-05-17,-42.724645371631,-79.32744679442347,-6.479239136340617,29.91217323457208
2002-05-18,-42.5614877844129,-78.03071729487267,-7.020612302446047,30.755764372341925
2002-05-19,-40.44172897431386,-78.30365072019684,-7.171290992344656,30.52022364984272
2002-05-20,-38.0504258340725,-78.26147145031702,-6.347632506086568,31.514247124171312
2002-05-21,-38.432934640238514,-76.74890665056307,-7.968622556115603,30.836971897862412
2002-05-22,-38.949848740142095,-75.7577222262368,-7.545301564838821,31.935614265378884
2002-05-23,-38.98354282317878,-75.2039686630642,-7.529081227323258,32.56271435150522
2002-05-24,-37.36334211632515,-73.02840875478495,-7.568548756263114,32.4708161845927
2002-05-25,-38.47344286778892,-72.53258318339556,-7.8070075671604435,31.911242451663835
2002-05-26,-37.28981233967933,-72.20709030977633,-9.29915279797924,30.738643853820708
2002-05-27,-37.07179568135126,-71.83408282656806,-10.553871458035102,31.581638606284056
2002-05-28,-37.47193516462578,-73.1804719226458,-11.929054869884473,31.70389695859759
2002-05-29,-37.56769450388832,-72.54228698805932,-12.626854344657644,31.138951653910855
2002-05-30,-37.82291672302897,-73.440784618459,-12.041115430675365,31.007716234681286
2002-05-31,-36.43935031426333,-73.1736360384268,-10.932672223585381,31.875218414051083
2002-06-01,-36.60386239677247,-73.8437991312464,-10.959001116335134,32.22161892964948
2002-06-02,-36.05209104991804,-73.288278073406,-12.0853252897267,31.962497196450432
2002-06-03,-34.95589066283092,-72.10035818810634,-13.33812742310076,32.08332042553986
2002-06-04,-34.96293150505752,-71.92882772654998,-13.41167701978393,32.12235405188459
2002-06-05,-34.455478795291896,-70.66603374510343,-13.491143507725056,30.47975998727448
2002-06-06,-36.093188718670135,-71.34379589472505,-13.41955648145523,29.918299041658816
2002-06-07,-36.6027404152559,-71.75116079363329,-12.472139206573166,31.160388650173946
2002-06-08,-36.65494381746393,-69.41711983059004,-11.290273735408658,29.679089867709795
2002-06-09,-36.81250307353571,-70.68619055411045,-12.265276197162093,30.513219756392367
2002-06-10,-37.57730105367082,-70.26520433872145,-11.7588272713322,30.730671198328324
2002-06-11,-36.17761365462477,-71.03963525260644,-10.023846760346256,29.16506786883969
2002-06-12,-36.187550501189584,-70.37181666529717,-9.885065463861539,29.44824457722814
2002-06-13,-35.24151503848686,-72.11061320474148,-10.32194917650388,29.052461940656872
2002-06-14,-35.06740157168665,-70.75917752918498,-9.022003058984176,28.749656829313473
2002-06-15,-35.49315420054586,-72.05028360489347,-10.370908526053896,29.267766944961043
2002-06-16,-34.93993183537497,-72.62708468677155,-11.434012614252715,28.599635029813662
2002-06-17,-34.55857515486153,-73.10778488558961,-12.440549833941422,30.04008077222512
2002-06-18,-33.71142825858396,-72.94848391925866,-13.400912499665154,31.99734219175245
2002-06-19,-31.796337955981222,-73.3131696414739,-13.952780877802942,32.18123568847658
2002-06-20,-30.6048399740907,-73.11051182762048,-14.703456266959249,34.541071641719185
2002-06-21,-30.84898360977367,-73.57525739720712,-12.938123203148221,33.309802958938654
2002-06-22,-31.555547372860914,-73.62748091711227,-12.764824330571892,34.17155909490454
2002-06-23,-30.608020640117356,-73.3243243761916,-13.886514432563938,33.24409225983779
2002-06-24,-31.430402918938007,-73.84769042635618,-14.94641435752616,33.69060507817831
2002-06-25,-31.917853176189215,-71.9792719342259,-15.317059799508138,34.063534242345696
2002-06-26,-32.69548144128556,-72.05794141866957,-16.81507108323083,33.90636329351955
2002-06-27,-32.29615613250486,-71.97970845737738,-15.653338575784487,35.49444575315172
2002-06-28,-32.170533520955885,-71.32641899687937,-14.516467420049054,35.023938522869884
2002-06-29,-32.41852299003358,-74.55575718611114,-15.139363062822872,33.30190642424627
2002-06-30,-33.7995537803432,-75.26830103318287,-16.377558761138214,32.39626584327629
2002-07-01,-34.59760433184809,-76.84156857059712,-14.64290902924275,34.28891184149047
2002-07-02,-34.51724698114432,-76.63444772850701,-15.126634795801442,33.13727950604061
2002-07-03,-35.50500629330741,-77.17884904221327,-15.361593547171653,33.66166171072044
2002-07-04,-36.3935876895788,-76.62545623479234,-16.397942454326994,34.53264091775802
2002-07-05,-35.516324626922824,-76.07310450204825,-15.725182535704441,32.69666302778025
2002-07-06,-36.27554765701712,-75.06297834087788,-14.891508470360035,32.02812733126422
2002-07-07,-35.67512520601109,-74.82185315734601,-15.989961409098589,32.23401095986813
2002-07-08,-36.880798732354265,-72.09814092040243,-16.503150107965478,33.537943901774916
2002-07-09,-36.71388966594849,-71.49434809040325,-19.096583648928135,32.46851966153848
2002-07-10,-36.54514867019402,-73.95736733396309,-18.157018614728738,32.388333804634435
2002-07-11,-38.35927417729518,-74.0115010692541,-15.878795298962954,32.29718854891212
2002-07-12,-39.31791851087242,-72.68849237288626,-15.484256486985009,32.83876342970697
2002-07-13,-39.15415154361888,-71.71879738988632,-15.677715038028389,33.76646434938498
2002-07-14,-39.59639210105758,-70.2718692214475,-15.751363737717353,33.35775661220555
2002-07-15,-40.093317631439206,-72.22736793138428,-14.92091694156358,34.51659752415879
2002-07-16,-39.03947723296481,-72.46287742333385,-13.199955022538466,36.18317208119926
2002-07-17,-38.37779596100113,-72.84257070826084,-11.733138734445864,34.83179389778751
2002-07-18,-40.43407023228076,-71.89322078580086,-11.738852327902148,34.84443590273349
2002-07-19,-41.46998538957439,-74.1978589750157,-11.285596016874317,35.27847358273384
2002-07-20,-41.06982177874494,-74.31262481659365,-9.902609525495686,35.37715314511803
2002-07-21,-41.4159624241678,-74.68388919756815,-7.895328812219695,33.72619139981658
2002-07-22,-39.74910207025882,-74.87858451322123,-9.074650657986009,32.70120313766127
2002-07-23,-40.31404161792284,-73.14341665964771,-10.225161075978642,33.73185906667433
2002-07-24,-42.0419253702733,-73.27396792014235,-8.968501163060886,32.147066353953996
2002-07-25,-40.27800350174351,-74.49733487944003,-8.481656079499178,31.87673578478417
2002-07-26,-40.29188471525312,-73.04272562866034,-7.011746646160399,29.426986719430836
2002-07-27,-41.54720174218484,-73.8684239444503,-6.4800390600105064,27.23406489880397
2002-07-28,-41.19681888267957,-74.43965698152759,-6.867864204331363,28.07173896651971
2002-07-29,-41.49821896458549,-74.6903238652313,-7.574575806715634,27.33888636101571
2002-07-30,-41.83294235161816,-74.72268111364404,-8.040493801530065,26.469899861052212
2002-07-31,-43.491688268039475,-74.23441823835788,-6.846352350451706,27.116462764519053
2002-08-01,-43.60687736825899,-74.88359524508729,-7.055438185719378,25.243151817805014
2002-08-02,-44.12281096685646,-75.12950610836099,-6.352120014224373,26.197526125360096
2002-08-03,-42.77954679245852,-74.9527238515119,-6.837154140767212,24.824624882840723
2002-08-04,-44.12858214066884,-75.14970177189724,-6.246817317889027,25.802562629822127
2002-08-05,-43.69476152142971,-76.46585813954226,-7.0151327181664795,26.6445262492497
2002-08-06,-42.377325366952405,-76.96527323818074,-7.497532874132394,26.42903443166268
2002-08-07,-41.145751430053046,-77.97066076499873,-9.371914388358228,27.707580637096967
2002-08-08,-41.78515400638431,-77.47507476947379,-8.715408514511573,27.867216270185434
2002-08-09,-42.156968161691154,-77.88859390853634,-10.339728249297222,26.547940498608895
2002-08-10,-41.916269873462,-76.51699623443992,-11.764390941295272,25.743745517571977
2002-08-11,-42.565468277112,-75.57503264600784,-11.597987987322654,25.60140893076156
2002-08-12,-41.264508618225946,-75.08778326111182,-11.881162568369865,24.82886619734581
2002-08-13,-39.385588711874064,-75.36695716292232,-10.82446626188076,24.9292988685147
2002-08-14,-40.76093231255745,-75.41674936626971,-9.15463306797912,25.175495459499274
2002-08-15,-41.30566904028423,-75.14616588284353,-10.116616151913393,25.20212306725775
2002-08-16,-41.655236044674524,-75.11854454558856,-9.910375823283513,24.74555034845089
2002-08-17,-42.5242627501789,-75.08730618373713,-10.884115993804473,24.729646111362857
2002-08-18,-42.243261846595374,-75.39384844851133,-10.532730848945572,23.501294527329215
2002-08-19,-44.03778209611605,-75.12025423513805,-9.296091932496385,22.187893924942173
2002-08-20,-45.71548198331044,-75.97678105162555,-9.025733447830017,22.275855070653467
2002-08-21,-45.829160970771284,-74.83735476487706,-7.460237024931874,21.58023683658054
2002-08-22,-47.08025188308296,-74.92874403772313,-8.486267521986141,21.472791424993797
2002-08-23,-47.18481381211154,-76.05616871567715,-7.946510770718737,20.21746517122855
2002-08-24,-47.68556082408752,-76.44735684949649,-8.155258421787808,19.45074806891788
2002-08-25,-47.340109905054575,-77.53469841726616,-8.951873395104514,18.897730863150727
2002-08-26,-48.56761266888157,-77.78471753391904,-8.59824387540084,18.576989493318983
2002-08-27,-47.8760958265395,-78.52275420833911,-7.642547457788636,17.012923197140587
2002-08-28,-49.40029470775665,-79.18787890809156,-8.409762437860897,18.065694568026633
2002-08-29,-49.1874552988153,-77.73136715298463,-7.7821038264680364,18.55252715828747
2002-08-30,-48.70776895585559,-78.10404989451902,-7.311429334863939,18.105840651971153
2002-08-31,-49.6125959496683,-78.77043869544491,-7.839149325169397,18.17606210982868
2002-09-01,-50.07538553508586,-79.453718478134,-7.297787130704934,19.447371968061884
2002-09-02,-51.87532627414218,-80.8564756973958,-6.034705791519174,18.29479929009027
2002-09-03,-51.435852205916106,-80.58511551767648,-5.683973305660204,17.659677264601452
2002-09-04,-52.19450775513209,-79.88076099096897,-5.210578255337236,17.656637105873948
2002-09-05,-54.054143931575396,-78.9889685710912,-5.473390254667788,18.47029177419963
2002-09-06,-54.77369554760348,-77.78425092011342,-6.192418623174866,17.53021763987636
2002-09-07,-55.37954080066149,-76.9470306542155,-5.637682527558233,16.127908246400942
2002-09-08,-55.798279257191915,-75.83274345938202,-4.9793821951129935,17.074307982645188
2002-09-09,-56.25297005466482,-75.71436362961155,-5.194379911570153,17.24213662634354
2002-09-10,-53.834342499001544,-75.01811454598325,-5.856788974685082,15.171285486334499
2002-09-11,-53.951254969921585,-74.35197542253572,-5.73852330061081,16.964641963442624
2002-09-12,-54.12894264941414,-76.32867474034467,-6.018588481205013,17.264374022212927
2002-09-13,-51.83606111380139,-77.14029704541912,-5.478216448488667,17.259345268232423
2002-09-14,-52.5752979665881,-76.52222150634296,-5.812788981204831,17.713089459434798
2002-09-15,-52.398544427631656,-75.0883861692428,-5.056865110209666,19.03329935669804
2002-09-16,-53.651413443847495,-74.46236934833412,-2.5739778188405795,19.063800882066168
2002-09-17,-53.88878557139243,-75.99342727524287,-2.184777167327457,18.150890760833843
2002-09-18,-54.547026029668,-75.1978447937326,-3.6968502368434626,16.382246788775376
2002-09-19,-54.57798537470265,-74.61210905307313,-3.4681554569068864,17.104884866225266
2002-09-20,-55.748870484479006,-76.87025149185135,-4.396552100527247,16.25961839783446
2002-09-21,-55.69769630583729,-77.44737239618003,-5.202729810472112,16.835081216570828
2002-09-22,-54.94314725229706,-75.81965743227504,-6.106927412424906,17.249110214987812
2002-09-23,-54.99126932550331,-76.17343139413445,-5.906170655936829,17.722719869133382
2002-09-24,-55.014772722697465,-76.94965460382734,-6.231204690490802,19.362530872987456
2002-09-25,-53.43135341460656,-75.46675231064566,-5.5933344769645075,18.080802762980497
2002-09-26,-52.59119414944517,-76.25234446119049,-6.059312999312257,17.179831098300625
